transaction_id,amount,transaction_date,reference,payer_name,payment_method
pay_00000000000001,9607.77,2026-08-06,RZP-00001-AARAV,Aarav Sharma,UPI
pay_00000000000002,7552.25,2026-08-08,RZP-00002-DIYA,Diya Patel,Card
pay_00000000000003,2196.67,2026-08-10,RZP-00003-KABIR,Kabir Singh,Netbanking
pay_00000000000004,4501.3,2026-08-09,RZP-00004-ANANYA,Ananya Iyer,UPI
pay_00000000000005,1014.13,2026-08-11,RZP-00005-ROHAN,Rohan Mehta,Card
pay_00000000000006,4658.34,2026-08-13,RZP-00006-ISHA,Isha Nair,Netbanking
pay_00000000000007,9365.79,2026-08-12,RZP-00007-AARAV,Aarav Sharma,UPI
pay_00000000000008,11112.29,2026-08-14,RZP-00008-DIYA,Diya Patel,Card
pay_00000000000009,4654.56,2026-08-16,RZP-00009-KABIR,Kabir Singh,Netbanking
pay_00000000000010,5898.74,2026-08-15,RZP-00010-ANANYA,Ananya Iyer,UPI
pay_00000000000011,10191.16,2026-08-17,RZP-00011-ROHAN,Rohan Mehta,Card
pay_00000000000012,12468.51,2026-08-19,RZP-00012-ISHA,Isha Nair,Netbanking
pay_00000000000013,8997.26,2026-08-18,RZP-00013-AARAV,Aarav Sharma,UPI
pay_00000000000014,6743.83,2026-08-20,RZP-00014-DIYA,Diya Patel,Card
pay_00000000000015,4817.58,2026-08-22,RZP-00015-KABIR,Kabir Singh,Netbanking
pay_00000000000016,12746.89,2026-08-21,RZP-00016-ANANYA,Ananya Iyer,UPI
pay_00000000000017,2913.71,2026-08-23,RZP-00017-ROHAN,Rohan Mehta,Card
pay_00000000000018,7561.72,2026-08-25,RZP-00018-ISHA,Isha Nair,Netbanking
pay_00000000000019,7328.91,2026-08-24,RZP-00019-AARAV,Aarav Sharma,UPI
pay_00000000000020,3091.54,2026-08-26,RZP-00020-DIYA,Diya Patel,Card
pay_00000000000021,6979.0,2026-08-28,RZP-00021-KABIR,Kabir Singh,Netbanking
pay_00000000000022,745.91,2026-08-27,RZP-00022-ANANYA,Ananya Iyer,UPI
pay_00000000000023,1826.48,2026-08-29,RZP-00023-ROHAN,Rohan Mehta,Card
pay_00000000000024,10460.86,2026-08-31,RZP-00024-ISHA,Isha Nair,Netbanking
pay_00000000000025,13052.86,2026-08-30,RZP-00025-AARAV,Aarav Sharma,UPI
pay_00000000000026,9890.52,2026-09-01,RZP-00026-DIYA,Diya Patel,Card
pay_00000000000027,7658.48,2026-09-03,RZP-00027-KABIR,Kabir Singh,Netbanking
pay_00000000000028,1070.65,2026-09-02,RZP-00028-ANANYA,Ananya Iyer,UPI
pay_00000000000029,3489.46,2026-09-04,RZP-00029-ROHAN,Rohan Mehta,Card
pay_00000000000030,1088.93,2026-08-08,RZP-00030-ISHA,Isha Nair,Netbanking
pay_00000000000031,1708.07,2026-08-07,RZP-00031-AARAV,Aarav Sharma,UPI
pay_00000000000032,2201.85,2026-08-09,RZP-00032-DIYA,Diya Patel,Card
pay_00000000000033,4236.83,2026-08-11,RZP-00033-KABIR,Kabir Singh,Netbanking
pay_00000000000034,5322.0,2026-08-10,RZP-00034-ANANYA,Ananya Iyer,UPI
pay_00000000000035,9169.43,2026-08-12,RZP-00035-ROHAN,Rohan Mehta,Card
pay_00000000000036,12325.41,2026-08-14,RZP-00036-ISHA,Isha Nair,Netbanking
pay_00000000000037,12252.23,2026-08-13,RZP-00037-AARAV,Aarav Sharma,UPI
pay_00000000000038,10781.38,2026-08-15,RZP-00038-DIYA,Diya Patel,Card
pay_00000000000039,7846.67,2026-08-17,RZP-00039-KABIR,Kabir Singh,Netbanking
pay_00000000000040,526.18,2026-08-16,RZP-00040-ANANYA,Ananya Iyer,UPI
pay_00000000000041,9911.97,2026-08-18,RZP-00041-ROHAN,Rohan Mehta,Card
pay_00000000000042,5341.65,2026-08-20,RZP-00042-ISHA,Isha Nair,Netbanking
pay_00000000000043,266.98,2026-08-19,RZP-00043-AARAV,Aarav Sharma,UPI
pay_00000000000044,13513.19,2026-08-21,RZP-00044-DIYA,Diya Patel,Card
pay_00000000000045,10619.73,2026-08-23,RZP-00045-KABIR,Kabir Singh,Netbanking
pay_00000000000046,5769.07,2026-08-22,RZP-00046-ANANYA,Ananya Iyer,UPI
pay_00000000000047,10273.78,2026-08-24,RZP-00047-ROHAN,Rohan Mehta,Card
pay_00000000000048,7166.05,2026-08-26,RZP-00048-ISHA,Isha Nair,Netbanking
pay_00000000000049,2297.48,2026-08-25,RZP-00049-AARAV,Aarav Sharma,UPI
pay_00000000000050,5008.56,2026-08-27,RZP-00050-DIYA,Diya Patel,Card
pay_00000000000051,3824.58,2026-08-29,RZP-00051-KABIR,Kabir Singh,Netbanking
pay_00000000000052,999.57,2026-08-28,RZP-00052-ANANYA,Ananya Iyer,UPI
pay_00000000000053,8551.24,2026-08-30,RZP-00053-ROHAN,Rohan Mehta,Card
pay_00000000000054,14603.11,2026-09-01,RZP-00054-ISHA,Isha Nair,Netbanking
pay_00000000000055,14729.98,2026-08-31,RZP-00055-AARAV,Aarav Sharma,UPI
pay_00000000000056,10700.08,2026-09-02,RZP-00056-DIYA,Diya Patel,Card
pay_00000000000057,6509.31,2026-09-04,RZP-00057-KABIR,Kabir Singh,Netbanking
pay_00000000000058,3828.22,2026-09-03,RZP-00058-ANANYA,Ananya Iyer,UPI
pay_00000000000059,9666.39,2026-08-07,RZP-00059-ROHAN,Rohan Mehta,Card
pay_00000000000060,5516.98,2026-08-09,RZP-00060-ISHA,Isha Nair,Netbanking
pay_00000000000061,9461.52,2026-08-08,RZP-00061-AARAV,Aarav Sharma,UPI
pay_00000000000062,10491.29,2026-08-10,RZP-00062-DIYA,Diya Patel,Card
pay_00000000000063,11652.02,2026-08-12,RZP-00063-KABIR,Kabir Singh,Netbanking
pay_00000000000064,2870.11,2026-08-11,RZP-00064-ANANYA,Ananya Iyer,UPI
pay_00000000000065,6197.2,2026-08-13,RZP-00065-ROHAN,Rohan Mehta,Card
pay_00000000000066,2497.49,2026-08-15,RZP-00066-ISHA,Isha Nair,Netbanking
pay_00000000000067,5681.48,2026-08-14,RZP-00067-AARAV,Aarav Sharma,UPI
pay_00000000000068,3702.65,2026-08-16,RZP-00068-DIYA,Diya Patel,Card
pay_00000000000069,13176.94,2026-08-18,RZP-00069-KABIR,Kabir Singh,Netbanking
pay_00000000000070,3244.4,2026-08-17,RZP-00070-ANANYA,Ananya Iyer,UPI
pay_00000000000071,186.18,2026-08-19,RZP-00071-ROHAN,Rohan Mehta,Card
pay_00000000000072,6764.43,2026-08-21,RZP-00072-ISHA,Isha Nair,Netbanking
pay_00000000000073,7355.15,2026-08-20,RZP-00073-AARAV,Aarav Sharma,UPI
pay_00000000000074,2942.31,2026-08-22,RZP-00074-DIYA,Diya Patel,Card
pay_00000000000075,3198.96,2026-08-24,RZP-00075-KABIR,Kabir Singh,Netbanking
pay_00000000000076,4821.13,2026-08-23,RZP-00076-ANANYA,Ananya Iyer,UPI
pay_00000000000077,8109.65,2026-08-25,RZP-00077-ROHAN,Rohan Mehta,Card
pay_00000000000078,12969.57,2026-08-27,RZP-00078-ISHA,Isha Nair,Netbanking
pay_00000000000079,2599.26,2026-08-26,RZP-00079-AARAV,Aarav Sharma,UPI
pay_00000000000080,6504.19,2026-08-28,RZP-00080-DIYA,Diya Patel,Card
pay_00000000000081,3087.87,2026-08-30,RZP-00081-KABIR,Kabir Singh,Netbanking
pay_00000000000082,9161.2,2026-08-29,RZP-00082-ANANYA,Ananya Iyer,UPI
pay_00000000000083,3115.33,2026-08-31,RZP-00083-ROHAN,Rohan Mehta,Card
pay_00000000000084,3691.12,2026-09-02,RZP-00084-ISHA,Isha Nair,Netbanking
pay_00000000000085,12980.98,2026-09-01,RZP-00085-AARAV,Aarav Sharma,UPI
pay_00000000000086,2351.57,2026-09-03,RZP-00086-DIYA,Diya Patel,Card
pay_00000000000087,11728.05,2026-09-05,RZP-00087-KABIR,Kabir Singh,Netbanking
pay_00000000000088,8010.75,2026-08-06,RZP-00088-ANANYA,Ananya Iyer,UPI
pay_00000000000089,7224.74,2026-08-08,RZP-00089-ROHAN,Rohan Mehta,Card
pay_00000000000090,788.06,2026-08-10,RZP-00090-ISHA,Isha Nair,Netbanking
pay_00000000000091,8696.23,2026-08-09,RZP-00091-AARAV,Aarav Sharma,UPI
pay_00000000000092,10139.56,2026-08-11,RZP-00092-DIYA,Diya Patel,Card
pay_00000000000093,4345.85,2026-08-13,RZP-00093-KABIR,Kabir Singh,Netbanking
pay_00000000000094,14034.42,2026-08-12,RZP-00094-ANANYA,Ananya Iyer,UPI
pay_00000000000095,5537.51,2026-08-14,RZP-00095-ROHAN,Rohan Mehta,Card
pay_00000000000096,454.5,2026-08-16,RZP-00096-ISHA,Isha Nair,Netbanking
pay_00000000000097,8110.86,2026-08-15,RZP-00097-AARAV,Aarav Sharma,UPI
pay_00000000000098,13689.63,2026-08-17,RZP-00098-DIYA,Diya Patel,Card
pay_00000000000099,14814.87,2026-08-19,RZP-00099-KABIR,Kabir Singh,Netbanking
pay_00000000000100,8115.42,2026-08-18,RZP-00100-ANANYA,Ananya Iyer,UPI
pay_00000000000101,7746.49,2026-08-20,RZP-00101-ROHAN,Rohan Mehta,Card
pay_00000000000102,8739.18,2026-08-22,RZP-00102-ISHA,Isha Nair,Netbanking
pay_00000000000103,14733.43,2026-08-21,RZP-00103-AARAV,Aarav Sharma,UPI
pay_00000000000104,10026.67,2026-08-23,RZP-00104-DIYA,Diya Patel,Card
pay_00000000000105,9807.72,2026-08-25,RZP-00105-KABIR,Kabir Singh,Netbanking
pay_00000000000106,13929.89,2026-08-24,RZP-00106-ANANYA,Ananya Iyer,UPI
pay_00000000000107,14018.6,2026-08-26,RZP-00107-ROHAN,Rohan Mehta,Card
pay_00000000000108,7588.34,2026-08-28,RZP-00108-ISHA,Isha Nair,Netbanking
pay_00000000000109,9725.67,2026-08-27,RZP-00109-AARAV,Aarav Sharma,UPI
pay_00000000000110,2442.96,2026-08-29,RZP-00110-DIYA,Diya Patel,Card
pay_00000000000111,7840.18,2026-08-31,RZP-00111-KABIR,Kabir Singh,Netbanking
pay_00000000000112,12583.87,2026-08-30,RZP-00112-ANANYA,Ananya Iyer,UPI
pay_00000000000113,9393.55,2026-09-01,RZP-00113-ROHAN,Rohan Mehta,Card
pay_00000000000114,708.65,2026-09-03,RZP-00114-ISHA,Isha Nair,Netbanking
pay_00000000000115,13287.75,2026-09-02,RZP-00115-AARAV,Aarav Sharma,UPI
pay_00000000000116,2522.32,2026-09-04,RZP-00116-DIYA,Diya Patel,Card
pay_00000000000117,2695.06,2026-08-08,RZP-00117-KABIR,Kabir Singh,Netbanking
pay_00000000000118,1297.5,2026-08-07,RZP-00118-ANANYA,Ananya Iyer,UPI
pay_00000000000119,6059.06,2026-08-09,RZP-00119-ROHAN,Rohan Mehta,Card
pay_00000000000120,8378.99,2026-08-11,RZP-00120-ISHA,Isha Nair,Netbanking
pay_00000000000121,3380.15,2026-08-10,RZP-00121-AARAV,Aarav Sharma,UPI
pay_00000000000122,5624.98,2026-08-12,RZP-00122-DIYA,Diya Patel,Card
pay_00000000000123,2699.33,2026-08-14,RZP-00123-KABIR,Kabir Singh,Netbanking
pay_00000000000124,10529.04,2026-08-13,RZP-00124-ANANYA,Ananya Iyer,UPI
pay_00000000000125,7032.82,2026-08-15,RZP-00125-ROHAN,Rohan Mehta,Card
pay_00000000000126,5110.05,2026-08-17,RZP-00126-ISHA,Isha Nair,Netbanking
pay_00000000000127,13009.07,2026-08-16,RZP-00127-AARAV,Aarav Sharma,UPI
pay_00000000000128,956.59,2026-08-18,RZP-00128-DIYA,Diya Patel,Card
pay_00000000000129,12912.62,2026-08-20,RZP-00129-KABIR,Kabir Singh,Netbanking
pay_00000000000130,664.45,2026-08-19,RZP-00130-ANANYA,Ananya Iyer,UPI
pay_00000000000131,4389.81,2026-08-21,RZP-00131-ROHAN,Rohan Mehta,Card
pay_00000000000132,8710.58,2026-08-23,RZP-00132-ISHA,Isha Nair,Netbanking
pay_00000000000133,1257.09,2026-08-22,RZP-00133-AARAV,Aarav Sharma,UPI
pay_00000000000134,10083.47,2026-08-24,RZP-00134-DIYA,Diya Patel,Card
pay_00000000000135,11316.27,2026-08-26,RZP-00135-KABIR,Kabir Singh,Netbanking
pay_00000000000136,3522.39,2026-08-25,RZP-00136-ANANYA,Ananya Iyer,UPI
pay_00000000000137,3770.02,2026-08-27,RZP-00137-ROHAN,Rohan Mehta,Card
pay_00000000000138,12036.73,2026-08-29,RZP-00138-ISHA,Isha Nair,Netbanking
pay_00000000000139,7342.24,2026-08-28,RZP-00139-AARAV,Aarav Sharma,UPI
pay_00000000000140,1277.27,2026-08-30,RZP-00140-DIYA,Diya Patel,Card
pay_00000000000141,7568.12,2026-09-01,RZP-00141-KABIR,Kabir Singh,Netbanking
pay_00000000000142,14285.0,2026-08-31,RZP-00142-ANANYA,Ananya Iyer,UPI
pay_00000000000143,7752.07,2026-09-02,RZP-00143-ROHAN,Rohan Mehta,Card
pay_00000000000144,3704.36,2026-09-04,RZP-00144-ISHA,Isha Nair,Netbanking
pay_00000000000145,10168.64,2026-09-03,RZP-00145-AARAV,Aarav Sharma,UPI
pay_00000000000146,12659.45,2026-08-07,RZP-00146-DIYA,Diya Patel,Card
pay_00000000000147,14933.85,2026-08-09,RZP-00147-KABIR,Kabir Singh,Netbanking
pay_00000000000148,9465.42,2026-08-08,RZP-00148-ANANYA,Ananya Iyer,UPI
pay_00000000000149,9521.01,2026-08-10,RZP-00149-ROHAN,Rohan Mehta,Card
pay_00000000000150,13745.48,2026-08-12,RZP-00150-ISHA,Isha Nair,Netbanking
pay_00000000000151,700.87,2026-08-11,RZP-00151-AARAV,Aarav Sharma,UPI
pay_00000000000152,14534.16,2026-08-13,RZP-00152-DIYA,Diya Patel,Card
pay_00000000000153,5903.03,2026-08-15,RZP-00153-KABIR,Kabir Singh,Netbanking
pay_00000000000154,1404.16,2026-08-14,RZP-00154-ANANYA,Ananya Iyer,UPI
pay_00000000000155,11059.11,2026-08-16,RZP-00155-ROHAN,Rohan Mehta,Card
pay_00000000000156,1828.54,2026-08-18,RZP-00156-ISHA,Isha Nair,Netbanking
pay_00000000000157,11753.55,2026-08-16,SETTLEMENT RZP-00157-AARAV,Aarav Sharma,UPI
pay_00000000000158,6509.47,2026-08-17,SETTLEMENT RZP-00158-DIYA,Diya Patel,Card
pay_00000000000159,4834.04,2026-08-18,SETTLEMENT RZP-00159-KABIR,Kabir Singh,Netbanking
pay_00000000000160,7908.08,2026-08-19,SETTLEMENT RZP-00160-ANANYA,Ananya Iyer,UPI
pay_00000000000161,9334.01,2026-08-20,SETTLEMENT RZP-00161-ROHAN,Rohan Mehta,Card
pay_00000000000162,1914.89,2026-08-21,SETTLEMENT RZP-00162-ISHA,Isha Nair,Netbanking
pay_00000000000163,8760.13,2026-08-22,SETTLEMENT RZP-00163-AARAV,Aarav Sharma,UPI
pay_00000000000164,8740.75,2026-08-23,SETTLEMENT RZP-00164-DIYA,Diya Patel,Card
pay_00000000000165,11940.29,2026-08-24,SETTLEMENT RZP-00165-KABIR,Kabir Singh,Netbanking
pay_00000000000166,8139.14,2026-08-25,SETTLEMENT RZP-00166-ANANYA,Ananya Iyer,UPI
pay_00000000000167,13740.54,2026-08-26,SETTLEMENT RZP-00167-ROHAN,Rohan Mehta,Card
pay_00000000000168,924.43,2026-08-27,SETTLEMENT RZP-00168-ISHA,Isha Nair,Netbanking
pay_00000000000169,5333.39,2026-08-28,SETTLEMENT RZP-00169-AARAV,Aarav Sharma,UPI
pay_00000000000170,13508.53,2026-08-29,SETTLEMENT RZP-00170-DIYA,Diya Patel,Card
pay_00000000000171,12477.85,2026-08-30,SETTLEMENT RZP-00171-KABIR,Kabir Singh,Netbanking
pay_00000000000172,2235.0,2026-08-31,SETTLEMENT RZP-00172-ANANYA,Ananya Iyer,UPI
pay_00000000000173,13632.1,2026-09-01,SETTLEMENT RZP-00173-ROHAN,Rohan Mehta,Card
pay_00000000000174,13051.41,2026-09-02,SETTLEMENT RZP-00174-ISHA,Isha Nair,Netbanking
pay_00000000000175,9279.15,2026-08-05,SETTLEMENT RZP-00175-AARAV,Aarav Sharma,UPI
pay_00000000000176,11827.24,2026-08-06,SETTLEMENT RZP-00176-DIYA,Diya Patel,Card
pay_00000000000177,1115.25,2026-08-07,SETTLEMENT RZP-00177-KABIR,Kabir Singh,Netbanking
pay_00000000000178,8679.83,2026-08-08,SETTLEMENT RZP-00178-ANANYA,Ananya Iyer,UPI
pay_00000000000179,13778.11,2026-08-09,SETTLEMENT RZP-00179-ROHAN,Rohan Mehta,Card
pay_00000000000180,8099.78,2026-08-10,SETTLEMENT RZP-00180-ISHA,Isha Nair,Netbanking
pay_00000000000181,14267.32,2026-08-11,SETTLEMENT RZP-00181-AARAV,Aarav Sharma,UPI
pay_00000000000182,7529.14,2026-08-12,SETTLEMENT RZP-00182-DIYA,Diya Patel,Card
pay_00000000000183,4968.2,2026-08-13,SETTLEMENT RZP-00183-KABIR,Kabir Singh,Netbanking
pay_00000000000184,1742.94,2026-08-14,SETTLEMENT RZP-00184-ANANYA,Ananya Iyer,UPI
pay_00000000000185,6864.58,2026-08-15,SETTLEMENT RZP-00185-ROHAN,Rohan Mehta,Card
pay_00000000000186,9901.13,2026-08-16,SETTLEMENT RZP-00186-ISHA,Isha Nair,Netbanking
pay_00000000000187,10125.61,2026-08-17,SETTLEMENT RZP-00187-AARAV,Aarav Sharma,UPI
pay_00000000000188,3206.86,2026-08-18,SETTLEMENT RZP-00188-DIYA,Diya Patel,Card
pay_00000000000189,11609.96,2026-08-19,SETTLEMENT RZP-00189-KABIR,Kabir Singh,Netbanking
pay_00000000000190,8768.1,2026-08-20,SETTLEMENT RZP-00190-ANANYA,Ananya Iyer,UPI
pay_00000000000191,10564.91,2026-08-21,SETTLEMENT RZP-00191-ROHAN,Rohan Mehta,Card
pay_00000000000192,2946.35,2026-08-22,SETTLEMENT RZP-00192-ISHA,Isha Nair,Netbanking
pay_00000000000193,1847.47,2026-08-23,SETTLEMENT RZP-00193-AARAV,Aarav Sharma,UPI
pay_00000000000194,10730.89,2026-08-24,SETTLEMENT RZP-00194-DIYA,Diya Patel,Card
pay_00000000000195,9966.12,2026-08-25,SETTLEMENT RZP-00195-KABIR,Kabir Singh,Netbanking
pay_00000000000196,1309.25,2026-08-26,SETTLEMENT RZP-00196-ANANYA,Ananya Iyer,UPI
pay_00000000000197,12429.34,2026-08-27,SETTLEMENT RZP-00197-ROHAN,Rohan Mehta,Card
pay_00000000000198,11146.22,2026-08-28,SETTLEMENT RZP-00198-ISHA,Isha Nair,Netbanking
pay_00000000000199,613.09,2026-08-29,SETTLEMENT RZP-00199-AARAV,Aarav Sharma,UPI
pay_00000000000200,12710.79,2026-08-30,SETTLEMENT RZP-00200-DIYA,Diya Patel,Card
pay_00000000000201,9725.01,2026-08-31,SETTLEMENT RZP-00201-KABIR,Kabir Singh,Netbanking
pay_00000000000202,171.91,2026-09-01,SETTLEMENT RZP-00202-ANANYA,Ananya Iyer,UPI
pay_00000000000203,2402.17,2026-09-02,SETTLEMENT RZP-00203-ROHAN,Rohan Mehta,Card
pay_00000000000204,2764.0,2026-08-05,SETTLEMENT RZP-00204-ISHA,Isha Nair,Netbanking
pay_00000000000205,4443.95,2026-08-06,SETTLEMENT RZP-00205-AARAV,Aarav Sharma,UPI
pay_00000000000206,5529.88,2026-08-07,SETTLEMENT RZP-00206-DIYA,Diya Patel,Card
pay_00000000000207,6592.61,2026-08-08,SETTLEMENT RZP-00207-KABIR,Kabir Singh,Netbanking
pay_00000000000208,6608.35,2026-08-09,SETTLEMENT RZP-00208-ANANYA,Ananya Iyer,UPI
pay_00000000000209,10919.73,2026-08-10,SETTLEMENT RZP-00209-ROHAN,Rohan Mehta,Card
pay_00000000000210,13166.07,2026-08-11,SETTLEMENT RZP-00210-ISHA,Isha Nair,Netbanking
pay_00000000000211,237.49,2026-08-12,SETTLEMENT RZP-00211-AARAV,Aarav Sharma,UPI
pay_00000000000212,3091.12,2026-08-13,SETTLEMENT RZP-00212-DIYA,Diya Patel,Card
pay_00000000000213,5184.37,2026-08-14,SETTLEMENT RZP-00213-KABIR,Kabir Singh,Netbanking
pay_00000000000214,4155.1,2026-08-15,SETTLEMENT RZP-00214-ANANYA,Ananya Iyer,UPI
pay_00000000000215,2067.32,2026-08-16,SETTLEMENT RZP-00215-ROHAN,Rohan Mehta,Card
pay_00000000000216,11014.86,2026-08-17,SETTLEMENT RZP-00216-ISHA,Isha Nair,Netbanking
pay_00000000000217,3690.22,2026-08-18,SETTLEMENT RZP-00217-AARAV,Aarav Sharma,UPI
pay_00000000000218,11943.74,2026-08-19,SETTLEMENT RZP-00218-DIYA,Diya Patel,Card
pay_00000000000219,10356.45,2026-08-20,SETTLEMENT RZP-00219-KABIR,Kabir Singh,Netbanking
pay_00000000000220,6360.63,2026-08-21,SETTLEMENT RZP-00220-ANANYA,Ananya Iyer,UPI
pay_00000000000221,1362.38,2026-08-22,SETTLEMENT RZP-00221-ROHAN,Rohan Mehta,Card
pay_00000000000222,5747.27,2026-08-23,SETTLEMENT RZP-00222-ISHA,Isha Nair,Netbanking
pay_00000000000223,10299.91,2026-08-24,SETTLEMENT RZP-00223-AARAV,Aarav Sharma,UPI
pay_00000000000224,12938.88,2026-08-25,SETTLEMENT RZP-00224-DIYA,Diya Patel,Card
pay_00000000000225,4222.38,2026-08-26,SETTLEMENT RZP-00225-KABIR,Kabir Singh,Netbanking
pay_00000000000226,10290.68,2026-08-27,SETTLEMENT RZP-00226-ANANYA,Ananya Iyer,UPI
pay_00000000000227,11442.45,2026-08-28,SETTLEMENT RZP-00227-ROHAN,Rohan Mehta,Card
pay_00000000000228,6189.44,2026-08-29,SETTLEMENT RZP-00228-ISHA,Isha Nair,Netbanking
pay_00000000000229,452.54,2026-08-30,SETTLEMENT RZP-00229-AARAV,Aarav Sharma,UPI
pay_00000000000230,299.83,2026-08-31,SETTLEMENT RZP-00230-DIYA,Diya Patel,Card
pay_00000000000231,888.28,2026-09-01,SETTLEMENT RZP-00231-KABIR,Kabir Singh,Netbanking
pay_00000000000232,7445.2,2026-09-02,SETTLEMENT RZP-00232-ANANYA,Ananya Iyer,UPI
pay_00000000000233,4145.17,2026-08-05,SETTLEMENT RZP-00233-ROHAN,Rohan Mehta,Card
pay_00000000000234,7561.77,2026-08-06,SETTLEMENT RZP-00234-ISHA,Isha Nair,Netbanking
pay_00000000000235,3930.89,2026-08-07,RZP-00235-AARAV,Aarav Sharma,UPI
pay_00000000000236,11561.39,2026-08-08,RZP-00236-DIYA,Diya Patel,Card
pay_00000000000237,8981.28,2026-08-09,RZP-00237-KABIR,Kabir Singh,Netbanking
pay_00000000000238,9862.17,2026-08-10,RZP-00238-ANANYA,Ananya Iyer,UPI
pay_00000000000239,8913.29,2026-08-11,RZP-00239-ROHAN,Rohan Mehta,Card
pay_00000000000240,14894.34,2026-08-12,RZP-00240-ISHA,Isha Nair,Netbanking
pay_00000000000241,9679.15,2026-08-13,RZP-00241-AARAV,Aarav Sharma,UPI
pay_00000000000242,6008.39,2026-08-14,RZP-00242-DIYA,Diya Patel,Card
pay_00000000000243,6410.71,2026-08-15,RZP-00243-KABIR,Kabir Singh,Netbanking
pay_00000000000244,10473.33,2026-08-16,RZP-00244-ANANYA,Ananya Iyer,UPI
pay_00000000000245,9896.18,2026-08-17,RZP-00245-ROHAN,Rohan Mehta,Card
pay_00000000000246,5704.38,2026-08-18,RZP-00246-ISHA,Isha Nair,Netbanking
pay_00000000000247,11951.61,2026-08-19,RZP-00247-AARAV,Aarav Sharma,UPI
pay_00000000000248,10720.75,2026-08-20,RZP-00248-DIYA,Diya Patel,Card
pay_00000000000249,8876.71,2026-08-21,RZP-00249-KABIR,Kabir Singh,Netbanking
pay_00000000000250,4214.59,2026-08-22,RZP-00250-ANANYA,Ananya Iyer,UPI
pay_00000000000251,12677.94,2026-08-23,RZP-00251-ROHAN,Rohan Mehta,Card
pay_00000000000252,7069.1,2026-08-24,RZP-00252-ISHA,Isha Nair,Netbanking
pay_00000000000253,6605.11,2026-08-25,RZP-00253-AARAV,Aarav Sharma,UPI
pay_00000000000254,6829.55,2026-08-26,RZP-00254-DIYA,Diya Patel,Card
pay_00000000000255,6563.9,2026-08-27,RZP-00255-KABIR,Kabir Singh,Netbanking
pay_00000000000256,10535.63,2026-08-28,RZP-00256-ANANYA,Ananya Iyer,UPI
pay_00000000000257,12272.79,2026-08-29,RZP-00257-ROHAN,Rohan Mehta,Card
pay_00000000000258,14193.9,2026-08-30,RZP-00258-ISHA,Isha Nair,Netbanking
pay_00000000000259,4009.22,2026-08-31,RZP-00259-AARAV,Aarav Sharma,UPI
pay_00000000000260,3010.1,2026-09-01,RZP-00260-DIYA,Diya Patel,Card
pay_00000000000261,1519.48,2026-09-02,RZP-00261-KABIR,Kabir Singh,Netbanking
pay_00000000000262,14986.02,2026-08-05,RZP-00262-ANANYA,Ananya Iyer,UPI
pay_00000000000263,4832.6,2026-08-06,RZP-00263-ROHAN,Rohan Mehta,Card
pay_00000000000264,2397.87,2026-08-07,RZP-00264-ISHA,Isha Nair,Netbanking
pay_00000000000265,792.94,2026-08-08,RZP-00265-AARAV,Aarav Sharma,UPI
pay_00000000000266,7348.28,2026-08-09,RZP-00266-DIYA,Diya Patel,Card
pay_00000000000267,14374.23,2026-08-10,RZP-00267-KABIR,Kabir Singh,Netbanking
pay_00000000000268,10787.39,2026-08-11,RZP-00268-ANANYA,Ananya Iyer,UPI
pay_00000000000269,13289.06,2026-08-12,RZP-00269-ROHAN,Rohan Mehta,Card
pay_00000000000270,13727.3,2026-08-13,RZP-00270-ISHA,Isha Nair,Netbanking
pay_00000000000271,5245.13,2026-08-14,RZP-00271-AARAV,Aarav Sharma,UPI
pay_00000000000272,6162.86,2026-08-15,RZP-00272-DIYA,Diya Patel,Card
pay_00000000000273,10124.37,2026-08-16,RZP-00273-KABIR,Kabir Singh,Netbanking
pay_00000000000274,2710.37,2026-08-17,RZP-00274-ANANYA,Ananya Iyer,UPI
pay_00000000000275,7415.49,2026-08-18,RZP-00275-ROHAN,Rohan Mehta,Card
pay_00000000000276,5451.45,2026-08-19,RZP-00276-ISHA,Isha Nair,Netbanking
pay_00000000000277,1019.55,2026-08-20,RZP-00277-AARAV,Aarav Sharma,UPI
pay_00000000000278,13124.85,2026-08-21,RZP-00278-DIYA,Diya Patel,Card
pay_00000000000279,4349.85,2026-08-22,RZP-00279-KABIR,Kabir Singh,Netbanking
pay_00000000000280,6376.02,2026-08-23,RZP-00280-ANANYA,Ananya Iyer,UPI
pay_00000000000281,14343.27,2026-08-24,RZP-00281-ROHAN,Rohan Mehta,Card
pay_00000000000282,6126.34,2026-08-25,RZP-00282-ISHA,Isha Nair,Netbanking
pay_00000000000283,13355.91,2026-08-26,RZP-00283-AARAV,Aarav Sharma,UPI
pay_00000000000284,266.97,2026-08-27,RZP-00284-DIYA,Diya Patel,Card
pay_00000000000285,9064.88,2026-08-28,RZP-00285-KABIR,Kabir Singh,Netbanking
pay_00000000000286,8157.37,2026-08-29,RZP-00286-ANANYA,Ananya Iyer,UPI
pay_00000000000287,3017.51,2026-08-30,RZP-00287-ROHAN,Rohan Mehta,Card
pay_00000000000288,12001.64,2026-08-31,RZP-00288-ISHA,Isha Nair,Netbanking
pay_00000000000289,9181.01,2026-09-01,RZP-00289-AARAV,Aarav Sharma,UPI
pay_00000000000290,8340.87,2026-09-02,RZP-00290-DIYA,Diya Patel,Card
pay_00000000000291,4299.86,2026-08-05,RZP-00291-KABIR,Kabir Singh,Netbanking
pay_00000000000292,14976.84,2026-08-06,RZP-00292-ANANYA,Ananya Iyer,UPI
pay_00000000000293,13414.69,2026-08-07,RZP-00293-ROHAN,Rohan Mehta,Card
pay_00000000000294,12570.76,2026-08-08,RZP-00294-ISHA,Isha Nair,Netbanking
pay_00000000000295,3234.94,2026-08-09,RZP-00295-AARAV,Aarav Sharma,UPI
pay_00000000000296,2758.86,2026-08-10,RZP-00296-DIYA,Diya Patel,Card
pay_00000000000297,3041.45,2026-08-11,RZP-00297-KABIR,Kabir Singh,Netbanking
pay_00000000000298,5211.71,2026-08-12,RZP-00298-ANANYA,Ananya Iyer,UPI
pay_00000000000299,13061.47,2026-08-13,RZP-00299-ROHAN,Rohan Mehta,Card
pay_00000000000300,14329.09,2026-08-14,RZP-00300-ISHA,Isha Nair,Netbanking
pay_00000000000301,1668.22,2026-08-15,RZP-00301-AARAV,Aarav Sharma,UPI
pay_00000000000302,7913.01,2026-08-16,RZP-00302-DIYA,Diya Patel,Card
pay_00000000000303,4085.92,2026-08-17,RZP-00303-KABIR,Kabir Singh,Netbanking
pay_00000000000304,987.03,2026-08-18,RZP-00304-ANANYA,Ananya Iyer,UPI
pay_00000000000305,5741.99,2026-08-19,RZP-00305-ROHAN,Rohan Mehta,Card
pay_00000000000306,3672.02,2026-08-20,RZP-00306-ISHA,Isha Nair,Netbanking
pay_00000000000307,7799.19,2026-08-21,RZP-00307-AARAV,Aarav Sharma,UPI
pay_00000000000308,4392.07,2026-08-22,RZP-00308-DIYA,Diya Patel,Card
pay_00000000000309,6245.62,2026-08-23,RZP-00309-KABIR,Kabir Singh,Netbanking
pay_00000000000310,14044.16,2026-08-24,RZP-00310-ANANYA,Ananya Iyer,UPI
pay_00000000000311,361.21,2026-08-25,RZP-00311-ROHAN,Rohan Mehta,Card
pay_00000000000312,328.21,2026-08-26,RZP-00312-ISHA,Isha Nair,Netbanking
bank_ref_00000313,4530.12,2026-08-27,RZP 00313 AARAV,Aarav Sharma,UPI
bank_ref_00000314,4678.07,2026-08-28,RZP 00314 DIYA,Diya Patel,Card
bank_ref_00000315,12949.76,2026-08-29,RZP 00315 KABIR,Kabir Singh,Netbanking
bank_ref_00000316,14525.09,2026-08-30,RZP 00316 ANANYA,Ananya Iyer,UPI
bank_ref_00000317,6202.38,2026-08-31,RZP 00317 ROHAN,Rohan Mehta,Card
bank_ref_00000318,10795.46,2026-09-01,RZP 00318 ISHA,Isha Nair,Netbanking
bank_ref_00000319,2825.2,2026-09-02,RZP 00319 AARAV,Aarav Sharma,UPI
bank_ref_00000320,12959.77,2026-08-05,RZP 00320 DIYA,Diya Patel,Card
bank_ref_00000321,5514.02,2026-08-06,RZP 00321 KABIR,Kabir Singh,Netbanking
bank_ref_00000322,8968.1,2026-08-07,RZP 00322 ANANYA,Ananya Iyer,UPI
bank_ref_00000323,1415.32,2026-08-08,RZP 00323 ROHAN,Rohan Mehta,Card
bank_ref_00000324,3258.33,2026-08-09,RZP 00324 ISHA,Isha Nair,Netbanking
bank_ref_00000325,11749.31,2026-08-10,RZP 00325 AARAV,Aarav Sharma,UPI
bank_ref_00000326,13077.57,2026-08-11,RZP 00326 DIYA,Diya Patel,Card
bank_ref_00000327,1592.99,2026-08-12,RZP 00327 KABIR,Kabir Singh,Netbanking
bank_ref_00000328,2357.9,2026-08-13,RZP 00328 ANANYA,Ananya Iyer,UPI
bank_ref_00000329,4842.52,2026-08-14,RZP 00329 ROHAN,Rohan Mehta,Card
bank_ref_00000330,1260.77,2026-08-15,RZP 00330 ISHA,Isha Nair,Netbanking
bank_ref_00000331,6001.47,2026-08-16,RZP 00331 AARAV,Aarav Sharma,UPI
bank_ref_00000332,14844.7,2026-08-17,RZP 00332 DIYA,Diya Patel,Card
bank_ref_00000333,11346.1,2026-08-18,RZP 00333 KABIR,Kabir Singh,Netbanking
bank_ref_00000334,3338.06,2026-08-19,RZP 00334 ANANYA,Ananya Iyer,UPI
bank_ref_00000335,8255.15,2026-08-20,RZP 00335 ROHAN,Rohan Mehta,Card
bank_ref_00000336,9468.69,2026-08-21,RZP 00336 ISHA,Isha Nair,Netbanking
bank_ref_00000337,5667.99,2026-08-22,RZP 00337 AARAV,Aarav Sharma,UPI
bank_ref_00000338,11541.25,2026-08-23,RZP 00338 DIYA,Diya Patel,Card
bank_ref_00000339,3328.09,2026-08-24,RZP 00339 KABIR,Kabir Singh,Netbanking
bank_ref_00000340,1758.57,2026-08-25,RZP 00340 ANANYA,Ananya Iyer,UPI
bank_ref_00000341,14981.23,2026-08-26,RZP 00341 ROHAN,Rohan Mehta,Card
bank_ref_00000342,6426.97,2026-08-27,RZP 00342 ISHA,Isha Nair,Netbanking
bank_ref_00000343,7134.02,2026-08-28,RZP 00343 AARAV,Aarav Sharma,UPI
bank_ref_00000344,710.09,2026-08-29,RZP 00344 DIYA,Diya Patel,Card
bank_ref_00000345,14183.22,2026-08-30,RZP 00345 KABIR,Kabir Singh,Netbanking
bank_ref_00000346,3969.89,2026-08-31,RZP 00346 ANANYA,Ananya Iyer,UPI
bank_ref_00000347,2006.7,2026-09-01,RZP 00347 ROHAN,Rohan Mehta,Card
bank_ref_00000348,8440.13,2026-09-02,RZP 00348 ISHA,Isha Nair,Netbanking
bank_ref_00000349,2159.96,2026-08-05,RZP 00349 AARAV,Aarav Sharma,UPI
bank_ref_00000350,4923.06,2026-08-06,RZP 00350 DIYA,Diya Patel,Card
bank_ref_00000351,14706.27,2026-08-07,RZP 00351 KABIR,Kabir Singh,Netbanking
pay_00000000000352,10882.47,2026-08-08,RZP-00352-ANANYA,Ananya Iyer,UPI
pay_00000000000353,4808.15,2026-08-09,RZP-00353-ROHAN,Rohan Mehta,Card
pay_00000000000354,11992.84,2026-08-10,RZP-00354-ISHA,Isha Nair,Netbanking
pay_00000000000355,14083.87,2026-08-11,RZP-00355-AARAV,Aarav Sharma,UPI
pay_00000000000356,13603.51,2026-08-12,RZP-00356-DIYA,Diya Patel,Card
pay_00000000000357,3542.81,2026-08-13,RZP-00357-KABIR,Kabir Singh,Netbanking
pay_00000000000358,7941.39,2026-08-14,RZP-00358-ANANYA,Ananya Iyer,UPI
pay_00000000000359,6604.14,2026-08-15,RZP-00359-ROHAN,Rohan Mehta,Card
pay_00000000000360,9056.19,2026-08-16,RZP-00360-ISHA,Isha Nair,Netbanking
pay_00000000000361,13786.58,2026-08-17,RZP-00361-AARAV,Aarav Sharma,UPI
pay_00000000000362,13579.04,2026-08-18,RZP-00362-DIYA,Diya Patel,Card
pay_00000000000363,13.24,2026-08-19,RZP-00363-KABIR,Kabir Singh,Netbanking
pay_00000000000364,818.16,2026-08-20,RZP-00364-ANANYA,Ananya Iyer,UPI
pay_00000000000365,13646.03,2026-08-21,RZP-00365-ROHAN,Rohan Mehta,Card
pay_00000000000366,9562.56,2026-08-22,RZP-00366-ISHA,Isha Nair,Netbanking
pay_00000000000367,7031.72,2026-08-23,RZP-00367-AARAV,Aarav Sharma,UPI
pay_00000000000368,4562.67,2026-08-24,RZP-00368-DIYA,Diya Patel,Card
pay_00000000000369,13237.6,2026-08-25,RZP-00369-KABIR,Kabir Singh,Netbanking
pay_00000000000370,12100.2,2026-08-26,RZP-00370-ANANYA,Ananya Iyer,UPI
pay_00000000000371,10936.7,2026-08-27,RZP-00371-ROHAN,Rohan Mehta,Card
pay_00000000000372,2107.34,2026-08-28,RZP-00372-ISHA,Isha Nair,Netbanking
pay_00000000000373,1626.79,2026-08-29,RZP-00373-AARAV,Aarav Sharma,UPI
pay_00000000000374,11487.55,2026-08-30,RZP-00374-DIYA,Diya Patel,Card
pay_00000000000375,9221.57,2026-08-31,RZP-00375-KABIR,Kabir Singh,Netbanking
pay_00000000000376,8275.14,2026-09-01,RZP-00376-ANANYA,Ananya Iyer,UPI
pay_00000000000377,253.39,2026-09-02,RZP-00377-ROHAN,Rohan Mehta,Card
pay_00000000000378,9455.38,2026-08-05,RZP-00378-ISHA,Isha Nair,Netbanking
pay_00000000000379,12571.36,2026-08-06,RZP-00379-AARAV,Aarav Sharma,UPI
pay_00000000000380,3784.54,2026-08-07,RZP-00380-DIYA,Diya Patel,Card
pay_00000000000381,3289.21,2026-08-08,RZP-00381-KABIR,Kabir Singh,Netbanking
pay_00000000000382,9794.25,2026-08-09,RZP-00382-ANANYA,Ananya Iyer,UPI
pay_00000000000383,1717.5,2026-08-10,RZP-00383-ROHAN,Rohan Mehta,Card
pay_00000000000384,1862.51,2026-08-11,RZP-00384-ISHA,Isha Nair,Netbanking
pay_00000000000385,1578.6,2026-08-12,RZP-00385-AARAV,Aarav Sharma,UPI
pay_00000000000386,1049.57,2026-08-13,RZP-00386-DIYA,Diya Patel,Card
pay_00000000000387,6409.91,2026-08-14,RZP-00387-KABIR,Kabir Singh,Netbanking
pay_00000000000388,12776.22,2026-08-15,RZP-00388-ANANYA,Ananya Iyer,UPI
pay_00000000000389,13998.23,2026-08-16,RZP-00389-ROHAN,Rohan Mehta,Card
pay_00000000000390,4157.17,2026-08-17,RZP-00390-ISHA,Isha Nair,Netbanking
pay_00000000000469,9895.98,2026-08-09,RZP-00469-AARAV,Aarav Sharma,UPI
pay_00000000000470,5983.72,2026-08-10,RZP-00470-DIYA,Diya Patel,Card
pay_00000000000471,13568.29,2026-08-11,RZP-00471-KABIR,Kabir Singh,Netbanking
pay_00000000000472,9297.23,2026-08-12,RZP-00472-ANANYA,Ananya Iyer,UPI
pay_00000000000473,13403.31,2026-08-13,RZP-00473-ROHAN,Rohan Mehta,Card
pay_00000000000474,6166.76,2026-08-14,RZP-00474-ISHA,Isha Nair,Netbanking
pay_00000000000475,4019.35,2026-08-15,RZP-00475-AARAV,Aarav Sharma,UPI
pay_00000000000476,4179.5,2026-08-16,RZP-00476-DIYA,Diya Patel,Card
pay_00000000000477,3066.23,2026-08-17,RZP-00477-KABIR,Kabir Singh,Netbanking
pay_00000000000478,6809.21,2026-08-18,RZP-00478-ANANYA,Ananya Iyer,UPI
pay_00000000000479,4481.64,2026-08-19,RZP-00479-ROHAN,Rohan Mehta,Card
pay_00000000000480,3532.46,2026-08-20,RZP-00480-ISHA,Isha Nair,Netbanking
pay_00000000000481,3816.55,2026-08-21,RZP-00481-AARAV,Aarav Sharma,UPI
pay_00000000000482,14190.69,2026-08-22,RZP-00482-DIYA,Diya Patel,Card
pay_00000000000483,7608.63,2026-08-23,RZP-00483-KABIR,Kabir Singh,Netbanking
pay_00000000000484,13721.91,2026-08-24,RZP-00484-ANANYA,Ananya Iyer,UPI
pay_00000000000485,8857.53,2026-08-25,RZP-00485-ROHAN,Rohan Mehta,Card
pay_00000000000486,11145.9,2026-08-26,RZP-00486-ISHA,Isha Nair,Netbanking
pay_00000000000487,10600.3,2026-08-27,RZP-00487-AARAV,Aarav Sharma,UPI
pay_00000000000488,8913.51,2026-08-28,RZP-00488-DIYA,Diya Patel,Card
pay_00000000000489,3158.57,2026-08-29,RZP-00489-KABIR,Kabir Singh,Netbanking
pay_00000000000490,4458.96,2026-08-30,RZP-00490-ANANYA,Ananya Iyer,UPI
pay_00000000000491,11154.41,2026-08-31,RZP-00491-ROHAN,Rohan Mehta,Card
pay_00000000000492,459.3,2026-09-01,RZP-00492-ISHA,Isha Nair,Netbanking
pay_00000000000493,5179.29,2026-09-02,RZP-00493-AARAV,Aarav Sharma,UPI
pay_00000000000494,3126.62,2026-08-05,RZP-00494-DIYA,Diya Patel,Card
pay_00000000000495,1454.52,2026-08-06,RZP-00495-KABIR,Kabir Singh,Netbanking
pay_00000000000496,6032.18,2026-08-07,RZP-00496-ANANYA,Ananya Iyer,UPI
pay_00000000000497,6832.74,2026-08-08,RZP-00497-ROHAN,Rohan Mehta,Card
pay_00000000000498,532.21,2026-08-09,RZP-00498-ISHA,Isha Nair,Netbanking
pay_00000000000499,12284.65,2026-08-10,RZP-00499-AARAV,Aarav Sharma,UPI
pay_00000000000500,7842.55,2026-08-11,RZP-00500-DIYA,Diya Patel,Card
pay_00000000000501,2071.05,2026-08-12,RZP-00501-KABIR,Kabir Singh,Netbanking
pay_00000000000502,12109.86,2026-08-13,RZP-00502-ANANYA,Ananya Iyer,UPI
pay_00000000000503,12138.73,2026-08-14,RZP-00503-ROHAN,Rohan Mehta,Card
pay_00000000000504,8381.43,2026-08-15,RZP-00504-ISHA,Isha Nair,Netbanking
pay_00000000000505,5530.67,2026-08-16,RZP-00505-AARAV,Aarav Sharma,UPI
pay_00000000000506,12532.43,2026-08-17,RZP-00506-DIYA,Diya Patel,Card
pay_00000000000507,2898.12,2026-08-18,RZP-00507-KABIR,Kabir Singh,Netbanking
pay_00000000000508,10353.58,2026-08-19,RZP-00508-ANANYA,Ananya Iyer,UPI
pay_00000000000509,3624.37,2026-08-20,RZP-00509-ROHAN,Rohan Mehta,Card
pay_00000000000510,14733.48,2026-08-21,RZP-00510-ISHA,Isha Nair,Netbanking
pay_00000000000511,2770.17,2026-08-22,RZP-00511-AARAV,Aarav Sharma,UPI
pay_00000000000512,9122.99,2026-08-23,RZP-00512-DIYA,Diya Patel,Card
pay_00000000000513,873.77,2026-08-24,RZP-00513-KABIR,Kabir Singh,Netbanking
pay_00000000000514,10836.62,2026-08-25,RZP-00514-ANANYA,Ananya Iyer,UPI
pay_00000000000515,7605.12,2026-08-26,RZP-00515-ROHAN,Rohan Mehta,Card
pay_00000000000516,8942.89,2026-08-27,RZP-00516-ISHA,Isha Nair,Netbanking
pay_00000000000517,14400.68,2026-08-28,RZP-00517-AARAV,Aarav Sharma,UPI
pay_00000000000518,1048.75,2026-08-29,RZP-00518-DIYA,Diya Patel,Card
pay_00000000000519,7373.34,2026-08-30,RZP-00519-KABIR,Kabir Singh,Netbanking
pay_00000000000520,482.83,2026-08-31,RZP-00520-ANANYA,Ananya Iyer,UPI
pay_00000000000521,13450.79,2026-09-01,RZP-00521-ROHAN,Rohan Mehta,Card
pay_00000000000522,8942.32,2026-09-02,RZP-00522-ISHA,Isha Nair,Netbanking
pay_00000000000523,4916.87,2026-08-05,RZP-00523-AARAV,Aarav Sharma,UPI
pay_00000000000524,5851.37,2026-08-06,RZP-00524-DIYA,Diya Patel,Card
pay_00000000000525,5150.85,2026-08-07,RZP-00525-KABIR,Kabir Singh,Netbanking
pay_00000000000526,14715.35,2026-08-08,RZP-00526-ANANYA,Ananya Iyer,UPI
pay_00000000000527,9743.34,2026-08-09,RZP-00527-ROHAN,Rohan Mehta,Card
pay_00000000000528,12019.48,2026-08-10,RZP-00528-ISHA,Isha Nair,Netbanking
pay_00000000000529,2276.55,2026-08-11,RZP-00529-AARAV,Aarav Sharma,UPI
pay_00000000000530,5461.08,2026-08-12,RZP-00530-DIYA,Diya Patel,Card
pay_00000000000531,13179.51,2026-08-13,RZP-00531-KABIR,Kabir Singh,Netbanking
pay_00000000000532,5296.64,2026-08-14,RZP-00532-ANANYA,Ananya Iyer,UPI
pay_00000000000533,723.49,2026-08-15,RZP-00533-ROHAN,Rohan Mehta,Card
pay_00000000000534,408.79,2026-08-16,RZP-00534-ISHA,Isha Nair,Netbanking
pay_00000000000535,13076.67,2026-08-17,RZP-00535-AARAV,Aarav Sharma,UPI
pay_00000000000536,3222.55,2026-08-18,RZP-00536-DIYA,Diya Patel,Card
pay_00000000000537,14112.7,2026-08-19,RZP-00537-KABIR,Kabir Singh,Netbanking
pay_00000000000538,9682.82,2026-08-20,RZP-00538-ANANYA,Ananya Iyer,UPI
pay_00000000000539,14098.23,2026-08-21,RZP-00539-ROHAN,Rohan Mehta,Card
pay_00000000000540,5334.36,2026-08-22,RZP-00540-ISHA,Isha Nair,Netbanking
pay_00000000000541,7931.76,2026-08-23,RZP-00541-AARAV,Aarav Sharma,UPI
pay_00000000000542,3500.6,2026-08-24,RZP-00542-DIYA,Diya Patel,Card
pay_00000000000543,2821.62,2026-08-25,RZP-00543-KABIR,Kabir Singh,Netbanking
pay_00000000000544,2856.07,2026-08-26,RZP-00544-ANANYA,Ananya Iyer,UPI
pay_00000000000545,14442.32,2026-08-27,RZP-00545-ROHAN,Rohan Mehta,Card
pay_00000000000546,1329.41,2026-08-28,RZP-00546-ISHA,Isha Nair,Netbanking
pay_00000000000547,12181.15,2026-08-29,RZP-00547-AARAV,Aarav Sharma,UPI
pay_00000000000548,8605.62,2026-08-30,RZP-00548-DIYA,Diya Patel,Card
pay_00000000000549,1395.25,2026-08-31,RZP-00549-KABIR,Kabir Singh,Netbanking
pay_00000000000550,3466.43,2026-09-01,RZP-00550-ANANYA,Ananya Iyer,UPI
pay_00000000000551,11177.7,2026-09-02,RZP-00551-ROHAN,Rohan Mehta,Card
pay_00000000000552,14765.15,2026-08-05,RZP-00552-ISHA,Isha Nair,Netbanking
pay_00000000000553,1055.55,2026-08-06,RZP-00553-AARAV,Aarav Sharma,UPI
pay_00000000000554,7358.81,2026-08-07,RZP-00554-DIYA,Diya Patel,Card
pay_00000000000555,12314.27,2026-08-08,RZP-00555-KABIR,Kabir Singh,Netbanking
pay_00000000000556,1551.33,2026-08-09,RZP-00556-ANANYA,Ananya Iyer,UPI
pay_00000000000557,9783.79,2026-08-10,RZP-00557-ROHAN,Rohan Mehta,Card
pay_00000000000558,11113.27,2026-08-11,RZP-00558-ISHA,Isha Nair,Netbanking
pay_00000000000559,5042.4,2026-08-12,RZP-00559-AARAV,Aarav Sharma,UPI
pay_00000000000560,8169.46,2026-08-13,RZP-00560-DIYA,Diya Patel,Card
pay_00000000000561,10623.3,2026-08-14,RZP-00561-KABIR,Kabir Singh,Netbanking
pay_00000000000562,302.09,2026-08-15,RZP-00562-ANANYA,Ananya Iyer,UPI
pay_00000000000563,9517.46,2026-08-16,RZP-00563-ROHAN,Rohan Mehta,Card
pay_00000000000564,1598.92,2026-08-17,RZP-00564-ISHA,Isha Nair,Netbanking
pay_00000000000565,8703.16,2026-08-18,RZP-00565-AARAV,Aarav Sharma,UPI
pay_00000000000566,13556.05,2026-08-19,RZP-00566-DIYA,Diya Patel,Card
pay_00000000000567,14107.72,2026-08-20,RZP-00567-KABIR,Kabir Singh,Netbanking
pay_00000000000568,2027.24,2026-08-21,RZP-00568-ANANYA,Ananya Iyer,UPI
pay_00000000000569,4754.13,2026-08-22,RZP-00569-ROHAN,Rohan Mehta,Card
pay_00000000000570,9208.46,2026-08-23,RZP-00570-ISHA,Isha Nair,Netbanking
pay_00000000000571,5182.81,2026-08-24,RZP-00571-AARAV,Aarav Sharma,UPI
pay_00000000000572,2869.02,2026-08-25,RZP-00572-DIYA,Diya Patel,Card
pay_00000000000573,9262.73,2026-08-26,RZP-00573-KABIR,Kabir Singh,Netbanking
pay_00000000000574,6047.9,2026-08-27,RZP-00574-ANANYA,Ananya Iyer,UPI
pay_00000000000575,3510.7,2026-08-28,RZP-00575-ROHAN,Rohan Mehta,Card
pay_00000000000576,8586.9,2026-08-29,RZP-00576-ISHA,Isha Nair,Netbanking
pay_00000000000577,2305.71,2026-08-30,RZP-00577-AARAV,Aarav Sharma,UPI
pay_00000000000578,14428.15,2026-08-31,RZP-00578-DIYA,Diya Patel,Card
pay_00000000000579,7340.21,2026-09-01,RZP-00579-KABIR,Kabir Singh,Netbanking
pay_00000000000580,8465.31,2026-09-02,RZP-00580-ANANYA,Ananya Iyer,UPI
pay_00000000000581,2076.25,2026-08-05,RZP-00581-ROHAN,Rohan Mehta,Card
pay_00000000000582,13919.11,2026-08-06,RZP-00582-ISHA,Isha Nair,Netbanking
pay_00000000000583,869.63,2026-08-07,RZP-00583-AARAV,Aarav Sharma,UPI
pay_00000000000584,5993.24,2026-08-08,RZP-00584-DIYA,Diya Patel,Card
pay_00000000000585,375.28,2026-08-09,RZP-00585-KABIR,Kabir Singh,Netbanking
pay_00000000000586,8772.27,2026-08-10,RZP-00586-ANANYA,Ananya Iyer,UPI
pay_00000000000587,13564.4,2026-08-11,RZP-00587-ROHAN,Rohan Mehta,Card
pay_00000000000588,5686.18,2026-08-12,RZP-00588-ISHA,Isha Nair,Netbanking
pay_00000000000589,1624.43,2026-08-13,RZP-00589-AARAV,Aarav Sharma,UPI
pay_00000000000590,11448.08,2026-08-14,RZP-00590-DIYA,Diya Patel,Card
pay_00000000000591,13969.43,2026-08-15,RZP-00591-KABIR,Kabir Singh,Netbanking
pay_00000000000592,9801.89,2026-08-16,RZP-00592-ANANYA,Ananya Iyer,UPI
pay_00000000000593,10912.74,2026-08-17,RZP-00593-ROHAN,Rohan Mehta,Card
pay_00000000000594,1701.63,2026-08-18,RZP-00594-ISHA,Isha Nair,Netbanking
pay_00000000000595,6284.0,2026-08-19,RZP-00595-AARAV,Aarav Sharma,UPI
pay_00000000000596,2132.99,2026-08-20,RZP-00596-DIYA,Diya Patel,Card
pay_00000000000597,5222.43,2026-08-21,RZP-00597-KABIR,Kabir Singh,Netbanking
pay_00000000000598,10594.95,2026-08-22,RZP-00598-ANANYA,Ananya Iyer,UPI
pay_00000000000599,13819.4,2026-08-23,RZP-00599-ROHAN,Rohan Mehta,Card
pay_00000000000600,5106.73,2026-08-24,RZP-00600-ISHA,Isha Nair,Netbanking
pay_00000000000601,3726.98,2026-08-25,RZP-00601-AARAV,Aarav Sharma,UPI
pay_00000000000602,14325.17,2026-08-26,RZP-00602-DIYA,Diya Patel,Card
pay_00000000000603,1650.62,2026-08-27,RZP-00603-KABIR,Kabir Singh,Netbanking
pay_00000000000604,6013.6,2026-08-28,RZP-00604-ANANYA,Ananya Iyer,UPI
pay_00000000000605,7977.64,2026-08-29,RZP-00605-ROHAN,Rohan Mehta,Card
pay_00000000000606,12861.32,2026-08-30,RZP-00606-ISHA,Isha Nair,Netbanking
pay_00000000000607,7974.43,2026-08-31,RZP-00607-AARAV,Aarav Sharma,UPI
pay_00000000000608,5668.83,2026-09-01,RZP-00608-DIYA,Diya Patel,Card
pay_00000000000609,12152.71,2026-09-02,RZP-00609-KABIR,Kabir Singh,Netbanking
pay_00000000000610,8004.59,2026-08-05,RZP-00610-ANANYA,Ananya Iyer,UPI
pay_00000000000611,3967.58,2026-08-06,RZP-00611-ROHAN,Rohan Mehta,Card
pay_00000000000612,5898.41,2026-08-07,RZP-00612-ISHA,Isha Nair,Netbanking
pay_00000000000613,8367.3,2026-08-08,RZP-00613-AARAV,Aarav Sharma,UPI
pay_00000000000614,14499.93,2026-08-09,RZP-00614-DIYA,Diya Patel,Card
pay_00000000000615,7149.72,2026-08-10,RZP-00615-KABIR,Kabir Singh,Netbanking
pay_00000000000616,4363.18,2026-08-11,RZP-00616-ANANYA,Ananya Iyer,UPI
pay_00000000000617,10661.78,2026-08-12,RZP-00617-ROHAN,Rohan Mehta,Card
pay_00000000000618,14121.56,2026-08-13,RZP-00618-ISHA,Isha Nair,Netbanking
pay_00000000000619,8781.14,2026-08-14,RZP-00619-AARAV,Aarav Sharma,UPI
pay_00000000000620,1609.89,2026-08-15,RZP-00620-DIYA,Diya Patel,Card
pay_00000000000621,8901.21,2026-08-16,RZP-00621-KABIR,Kabir Singh,Netbanking
pay_00000000000622,6241.07,2026-08-17,RZP-00622-ANANYA,Ananya Iyer,UPI
pay_00000000000623,7096.08,2026-08-18,RZP-00623-ROHAN,Rohan Mehta,Card
pay_00000000000624,8013.79,2026-08-19,RZP-00624-ISHA,Isha Nair,Netbanking
pay_00000000000625,4790.21,2026-08-20,RZP-00625-AARAV,Aarav Sharma,UPI
pay_00000000000626,7992.93,2026-08-21,RZP-00626-DIYA,Diya Patel,Card
pay_00000000000627,13367.13,2026-08-22,RZP-00627-KABIR,Kabir Singh,Netbanking
pay_00000000000628,9309.78,2026-08-23,RZP-00628-ANANYA,Ananya Iyer,UPI
pay_00000000000629,8867.46,2026-08-24,RZP-00629-ROHAN,Rohan Mehta,Card
pay_00000000000630,740.17,2026-08-25,RZP-00630-ISHA,Isha Nair,Netbanking
pay_00000000000631,8001.32,2026-08-26,RZP-00631-AARAV,Aarav Sharma,UPI
pay_00000000000632,7244.06,2026-08-27,RZP-00632-DIYA,Diya Patel,Card
pay_00000000000633,3164.18,2026-08-28,RZP-00633-KABIR,Kabir Singh,Netbanking
pay_00000000000634,8823.12,2026-08-29,RZP-00634-ANANYA,Ananya Iyer,UPI
pay_00000000000635,12235.98,2026-08-30,RZP-00635-ROHAN,Rohan Mehta,Card
pay_00000000000636,10987.67,2026-08-31,RZP-00636-ISHA,Isha Nair,Netbanking
pay_00000000000637,12142.25,2026-09-01,RZP-00637-AARAV,Aarav Sharma,UPI
pay_00000000000638,7816.95,2026-09-02,RZP-00638-DIYA,Diya Patel,Card
pay_00000000000639,1045.16,2026-08-05,RZP-00639-KABIR,Kabir Singh,Netbanking
pay_00000000000640,5942.97,2026-08-06,RZP-00640-ANANYA,Ananya Iyer,UPI
pay_00000000000641,11785.63,2026-08-07,RZP-00641-ROHAN,Rohan Mehta,Card
pay_00000000000642,13780.25,2026-08-08,RZP-00642-ISHA,Isha Nair,Netbanking
pay_00000000000643,14794.56,2026-08-09,RZP-00643-AARAV,Aarav Sharma,UPI
pay_00000000000644,3518.06,2026-08-10,RZP-00644-DIYA,Diya Patel,Card
pay_00000000000645,665.93,2026-08-11,RZP-00645-KABIR,Kabir Singh,Netbanking
pay_00000000000646,8494.63,2026-08-12,RZP-00646-ANANYA,Ananya Iyer,UPI
pay_00000000000647,9780.96,2026-08-13,RZP-00647-ROHAN,Rohan Mehta,Card
pay_00000000000648,2201.4,2026-08-14,RZP-00648-ISHA,Isha Nair,Netbanking
pay_00000000000649,14204.12,2026-08-15,RZP-00649-AARAV,Aarav Sharma,UPI
pay_00000000000650,12732.01,2026-08-16,RZP-00650-DIYA,Diya Patel,Card
pay_00000000000651,11513.64,2026-08-17,RZP-00651-KABIR,Kabir Singh,Netbanking
pay_00000000000652,4955.86,2026-08-18,RZP-00652-ANANYA,Ananya Iyer,UPI
pay_00000000000653,11301.12,2026-08-19,RZP-00653-ROHAN,Rohan Mehta,Card
pay_00000000000654,7211.18,2026-08-20,RZP-00654-ISHA,Isha Nair,Netbanking
pay_00000000000655,13490.25,2026-08-21,RZP-00655-AARAV,Aarav Sharma,UPI
pay_00000000000656,10418.04,2026-08-22,RZP-00656-DIYA,Diya Patel,Card
pay_00000000000657,10690.57,2026-08-23,RZP-00657-KABIR,Kabir Singh,Netbanking
pay_00000000000658,6694.11,2026-08-24,RZP-00658-ANANYA,Ananya Iyer,UPI
pay_00000000000659,3794.27,2026-08-25,RZP-00659-ROHAN,Rohan Mehta,Card
pay_00000000000660,9835.29,2026-08-26,RZP-00660-ISHA,Isha Nair,Netbanking
pay_00000000000661,14106.2,2026-08-27,RZP-00661-AARAV,Aarav Sharma,UPI
pay_00000000000662,5278.8,2026-08-28,RZP-00662-DIYA,Diya Patel,Card
pay_00000000000663,1716.11,2026-08-29,RZP-00663-KABIR,Kabir Singh,Netbanking
pay_00000000000664,932.1,2026-08-30,RZP-00664-ANANYA,Ananya Iyer,UPI
pay_00000000000665,6322.99,2026-08-31,RZP-00665-ROHAN,Rohan Mehta,Card
pay_00000000000666,12033.15,2026-09-01,RZP-00666-ISHA,Isha Nair,Netbanking
pay_00000000000667,3644.64,2026-09-02,RZP-00667-AARAV,Aarav Sharma,UPI
pay_00000000000668,1509.5,2026-08-05,RZP-00668-DIYA,Diya Patel,Card
pay_00000000000669,13038.92,2026-08-06,RZP-00669-KABIR,Kabir Singh,Netbanking
pay_00000000000670,5071.83,2026-08-07,RZP-00670-ANANYA,Ananya Iyer,UPI
pay_00000000000671,10050.24,2026-08-08,RZP-00671-ROHAN,Rohan Mehta,Card
pay_00000000000672,2277.58,2026-08-09,RZP-00672-ISHA,Isha Nair,Netbanking
pay_00000000000673,11177.58,2026-08-10,RZP-00673-AARAV,Aarav Sharma,UPI
pay_00000000000674,14384.07,2026-08-11,RZP-00674-DIYA,Diya Patel,Card
pay_00000000000675,988.67,2026-08-12,RZP-00675-KABIR,Kabir Singh,Netbanking
pay_00000000000676,3957.86,2026-08-13,RZP-00676-ANANYA,Ananya Iyer,UPI
pay_00000000000677,10050.04,2026-08-14,RZP-00677-ROHAN,Rohan Mehta,Card
pay_00000000000678,14764.87,2026-08-15,RZP-00678-ISHA,Isha Nair,Netbanking
pay_00000000000679,9695.61,2026-08-16,RZP-00679-AARAV,Aarav Sharma,UPI
pay_00000000000680,11327.0,2026-08-17,RZP-00680-DIYA,Diya Patel,Card
pay_00000000000681,11606.49,2026-08-18,RZP-00681-KABIR,Kabir Singh,Netbanking
pay_00000000000682,10458.96,2026-08-19,RZP-00682-ANANYA,Ananya Iyer,UPI
pay_00000000000683,13392.43,2026-08-20,RZP-00683-ROHAN,Rohan Mehta,Card
pay_00000000000684,12428.59,2026-08-21,RZP-00684-ISHA,Isha Nair,Netbanking
pay_00000000000685,2349.16,2026-08-22,RZP-00685-AARAV,Aarav Sharma,UPI
pay_00000000000686,2080.94,2026-08-23,RZP-00686-DIYA,Diya Patel,Card
pay_00000000000687,7723.87,2026-08-24,RZP-00687-KABIR,Kabir Singh,Netbanking
pay_00000000000688,9104.65,2026-08-25,RZP-00688-ANANYA,Ananya Iyer,UPI
pay_00000000000689,2950.28,2026-08-26,RZP-00689-ROHAN,Rohan Mehta,Card
pay_00000000000690,6571.56,2026-08-27,RZP-00690-ISHA,Isha Nair,Netbanking
pay_00000000000691,9639.92,2026-08-28,RZP-00691-AARAV,Aarav Sharma,UPI
pay_00000000000692,14321.15,2026-08-29,RZP-00692-DIYA,Diya Patel,Card
pay_00000000000693,9268.52,2026-08-30,RZP-00693-KABIR,Kabir Singh,Netbanking
pay_00000000000694,14482.57,2026-08-31,RZP-00694-ANANYA,Ananya Iyer,UPI
pay_00000000000695,1855.65,2026-09-01,RZP-00695-ROHAN,Rohan Mehta,Card
pay_00000000000696,5234.37,2026-09-02,RZP-00696-ISHA,Isha Nair,Netbanking
pay_00000000000697,2006.51,2026-08-05,RZP-00697-AARAV,Aarav Sharma,UPI
pay_00000000000698,625.38,2026-08-06,RZP-00698-DIYA,Diya Patel,Card
pay_00000000000699,12288.6,2026-08-07,RZP-00699-KABIR,Kabir Singh,Netbanking
pay_00000000000700,6890.35,2026-08-08,RZP-00700-ANANYA,Ananya Iyer,UPI
pay_00000000000701,5033.55,2026-08-09,RZP-00701-ROHAN,Rohan Mehta,Card
pay_00000000000702,4833.77,2026-08-10,RZP-00702-ISHA,Isha Nair,Netbanking
pay_00000000000703,8916.83,2026-08-11,RZP-00703-AARAV,Aarav Sharma,UPI
pay_00000000000704,4158.21,2026-08-12,RZP-00704-DIYA,Diya Patel,Card
pay_00000000000705,7112.69,2026-08-13,RZP-00705-KABIR,Kabir Singh,Netbanking
pay_00000000000706,13085.66,2026-08-14,RZP-00706-ANANYA,Ananya Iyer,UPI
pay_00000000000707,6825.46,2026-08-15,RZP-00707-ROHAN,Rohan Mehta,Card
pay_00000000000708,9007.61,2026-08-16,RZP-00708-ISHA,Isha Nair,Netbanking
pay_00000000000709,852.23,2026-08-17,RZP-00709-AARAV,Aarav Sharma,UPI
pay_00000000000710,3930.74,2026-08-18,RZP-00710-DIYA,Diya Patel,Card
pay_00000000000711,13266.12,2026-08-19,RZP-00711-KABIR,Kabir Singh,Netbanking
pay_00000000000712,11515.83,2026-08-20,RZP-00712-ANANYA,Ananya Iyer,UPI
pay_00000000000713,14671.63,2026-08-21,RZP-00713-ROHAN,Rohan Mehta,Card
pay_00000000000714,7589.03,2026-08-22,RZP-00714-ISHA,Isha Nair,Netbanking
pay_00000000000715,13405.84,2026-08-23,RZP-00715-AARAV,Aarav Sharma,UPI
pay_00000000000716,10138.49,2026-08-24,RZP-00716-DIYA,Diya Patel,Card
pay_00000000000717,1821.65,2026-08-25,RZP-00717-KABIR,Kabir Singh,Netbanking
pay_00000000000718,11922.07,2026-08-26,RZP-00718-ANANYA,Ananya Iyer,UPI
pay_00000000000719,10998.24,2026-08-27,RZP-00719-ROHAN,Rohan Mehta,Card
pay_00000000000720,3485.62,2026-08-28,RZP-00720-ISHA,Isha Nair,Netbanking
pay_00000000000721,12022.7,2026-08-29,RZP-00721-AARAV,Aarav Sharma,UPI
pay_00000000000722,8781.46,2026-08-30,RZP-00722-DIYA,Diya Patel,Card
pay_00000000000723,12762.55,2026-08-31,RZP-00723-KABIR,Kabir Singh,Netbanking
pay_00000000000724,10249.63,2026-09-01,RZP-00724-ANANYA,Ananya Iyer,UPI
pay_00000000000725,1292.38,2026-09-02,RZP-00725-ROHAN,Rohan Mehta,Card
pay_00000000000726,14346.86,2026-08-05,RZP-00726-ISHA,Isha Nair,Netbanking
pay_00000000000727,823.8,2026-08-06,RZP-00727-AARAV,Aarav Sharma,UPI
pay_00000000000728,11328.73,2026-08-07,RZP-00728-DIYA,Diya Patel,Card
pay_00000000000729,327.82,2026-08-08,RZP-00729-KABIR,Kabir Singh,Netbanking
pay_00000000000730,2292.28,2026-08-09,RZP-00730-ANANYA,Ananya Iyer,UPI
pay_00000000000731,12092.21,2026-08-10,RZP-00731-ROHAN,Rohan Mehta,Card
pay_00000000000732,8708.14,2026-08-11,RZP-00732-ISHA,Isha Nair,Netbanking
pay_00000000000733,633.09,2026-08-12,RZP-00733-AARAV,Aarav Sharma,UPI
pay_00000000000734,2018.14,2026-08-13,RZP-00734-DIYA,Diya Patel,Card
pay_00000000000735,9142.62,2026-08-14,RZP-00735-KABIR,Kabir Singh,Netbanking
pay_00000000000736,1904.89,2026-08-15,RZP-00736-ANANYA,Ananya Iyer,UPI
pay_00000000000737,10932.52,2026-08-16,RZP-00737-ROHAN,Rohan Mehta,Card
pay_00000000000738,6369.32,2026-08-17,RZP-00738-ISHA,Isha Nair,Netbanking
pay_00000000000739,6269.73,2026-08-18,RZP-00739-AARAV,Aarav Sharma,UPI
pay_00000000000740,2083.15,2026-08-19,RZP-00740-DIYA,Diya Patel,Card
pay_00000000000741,14046.85,2026-08-20,RZP-00741-KABIR,Kabir Singh,Netbanking
pay_00000000000742,12114.19,2026-08-21,RZP-00742-ANANYA,Ananya Iyer,UPI
pay_00000000000743,1841.57,2026-08-22,RZP-00743-ROHAN,Rohan Mehta,Card
pay_00000000000744,7285.93,2026-08-23,RZP-00744-ISHA,Isha Nair,Netbanking
pay_00000000000745,9925.99,2026-08-24,RZP-00745-AARAV,Aarav Sharma,UPI
pay_00000000000746,12449.96,2026-08-25,RZP-00746-DIYA,Diya Patel,Card
pay_00000000000747,11265.78,2026-08-26,RZP-00747-KABIR,Kabir Singh,Netbanking
pay_00000000000748,9127.19,2026-08-27,RZP-00748-ANANYA,Ananya Iyer,UPI
pay_00000000000749,8694.94,2026-08-28,RZP-00749-ROHAN,Rohan Mehta,Card
pay_00000000000750,5086.19,2026-08-29,RZP-00750-ISHA,Isha Nair,Netbanking
pay_00000000000751,5726.8,2026-08-30,RZP-00751-AARAV,Aarav Sharma,UPI
pay_00000000000752,13130.82,2026-08-31,RZP-00752-DIYA,Diya Patel,Card
pay_00000000000753,8009.41,2026-09-01,RZP-00753-KABIR,Kabir Singh,Netbanking
pay_00000000000754,2950.86,2026-09-02,RZP-00754-ANANYA,Ananya Iyer,UPI
pay_00000000000755,10919.42,2026-08-05,RZP-00755-ROHAN,Rohan Mehta,Card
pay_00000000000756,5139.62,2026-08-06,RZP-00756-ISHA,Isha Nair,Netbanking
pay_00000000000757,10868.97,2026-08-07,RZP-00757-AARAV,Aarav Sharma,UPI
pay_00000000000758,11463.69,2026-08-08,RZP-00758-DIYA,Diya Patel,Card
pay_00000000000759,1927.44,2026-08-09,RZP-00759-KABIR,Kabir Singh,Netbanking
pay_00000000000760,6721.97,2026-08-10,RZP-00760-ANANYA,Ananya Iyer,UPI
pay_00000000000761,9617.05,2026-08-11,RZP-00761-ROHAN,Rohan Mehta,Card
pay_00000000000762,1925.76,2026-08-12,RZP-00762-ISHA,Isha Nair,Netbanking
pay_00000000000763,12702.33,2026-08-13,RZP-00763-AARAV,Aarav Sharma,UPI
pay_00000000000764,12888.51,2026-08-14,RZP-00764-DIYA,Diya Patel,Card
pay_00000000000765,5958.27,2026-08-15,RZP-00765-KABIR,Kabir Singh,Netbanking
pay_00000000000766,12970.16,2026-08-16,RZP-00766-ANANYA,Ananya Iyer,UPI
pay_00000000000767,11338.23,2026-08-17,RZP-00767-ROHAN,Rohan Mehta,Card
pay_00000000000768,11020.35,2026-08-18,RZP-00768-ISHA,Isha Nair,Netbanking
pay_00000000000769,7087.24,2026-08-19,RZP-00769-AARAV,Aarav Sharma,UPI
pay_00000000000770,14462.02,2026-08-20,RZP-00770-DIYA,Diya Patel,Card
pay_00000000000771,10305.41,2026-08-21,RZP-00771-KABIR,Kabir Singh,Netbanking
pay_00000000000772,5185.04,2026-08-22,RZP-00772-ANANYA,Ananya Iyer,UPI
pay_00000000000773,1728.99,2026-08-23,RZP-00773-ROHAN,Rohan Mehta,Card
pay_00000000000774,12633.08,2026-08-24,RZP-00774-ISHA,Isha Nair,Netbanking
pay_00000000000775,14213.42,2026-08-25,RZP-00775-AARAV,Aarav Sharma,UPI
pay_00000000000776,14428.36,2026-08-26,RZP-00776-DIYA,Diya Patel,Card
pay_00000000000777,10644.41,2026-08-27,RZP-00777-KABIR,Kabir Singh,Netbanking
pay_00000000000778,650.94,2026-08-28,RZP-00778-ANANYA,Ananya Iyer,UPI
pay_00000000000779,10388.68,2026-08-29,RZP-00779-ROHAN,Rohan Mehta,Card
pay_00000000000780,13920.74,2026-08-30,RZP-00780-ISHA,Isha Nair,Netbanking
pay_00000000000781,12800.94,2026-08-31,RZP-00781-AARAV,Aarav Sharma,UPI
pay_00000000000782,8271.25,2026-09-01,RZP-00782-DIYA,Diya Patel,Card
pay_00000000000783,4617.33,2026-09-02,RZP-00783-KABIR,Kabir Singh,Netbanking
pay_00000000000784,10100.63,2026-08-05,RZP-00784-ANANYA,Ananya Iyer,UPI
pay_00000000000785,3959.72,2026-08-06,RZP-00785-ROHAN,Rohan Mehta,Card
pay_00000000000786,1769.23,2026-08-07,RZP-00786-ISHA,Isha Nair,Netbanking
pay_00000000000787,1949.25,2026-08-08,RZP-00787-AARAV,Aarav Sharma,UPI
pay_00000000000788,8538.37,2026-08-09,RZP-00788-DIYA,Diya Patel,Card
pay_00000000000789,8188.58,2026-08-10,RZP-00789-KABIR,Kabir Singh,Netbanking
pay_00000000000790,2322.9,2026-08-11,RZP-00790-ANANYA,Ananya Iyer,UPI
pay_00000000000791,4599.93,2026-08-12,RZP-00791-ROHAN,Rohan Mehta,Card
pay_00000000000792,10201.37,2026-08-13,RZP-00792-ISHA,Isha Nair,Netbanking
pay_00000000000793,2991.69,2026-08-14,RZP-00793-AARAV,Aarav Sharma,UPI
pay_00000000000794,11974.26,2026-08-15,RZP-00794-DIYA,Diya Patel,Card
pay_00000000000795,3521.21,2026-08-16,RZP-00795-KABIR,Kabir Singh,Netbanking
pay_00000000000796,14448.01,2026-08-17,RZP-00796-ANANYA,Ananya Iyer,UPI
pay_00000000000797,3704.78,2026-08-18,RZP-00797-ROHAN,Rohan Mehta,Card
pay_00000000000798,8902.93,2026-08-19,RZP-00798-ISHA,Isha Nair,Netbanking
pay_00000000000799,6047.68,2026-08-20,RZP-00799-AARAV,Aarav Sharma,UPI
pay_00000000000800,5901.03,2026-08-21,RZP-00800-DIYA,Diya Patel,Card
pay_00000000000801,11698.54,2026-08-22,RZP-00801-KABIR,Kabir Singh,Netbanking
pay_00000000000802,9523.89,2026-08-23,RZP-00802-ANANYA,Ananya Iyer,UPI
pay_00000000000803,13512.49,2026-08-24,RZP-00803-ROHAN,Rohan Mehta,Card
pay_00000000000804,4266.09,2026-08-25,RZP-00804-ISHA,Isha Nair,Netbanking
pay_00000000000805,5983.34,2026-08-26,RZP-00805-AARAV,Aarav Sharma,UPI
pay_00000000000806,7385.41,2026-08-27,RZP-00806-DIYA,Diya Patel,Card
pay_00000000000807,5417.95,2026-08-28,RZP-00807-KABIR,Kabir Singh,Netbanking
pay_00000000000808,1304.65,2026-08-29,RZP-00808-ANANYA,Ananya Iyer,UPI
pay_00000000000809,10102.59,2026-08-30,RZP-00809-ROHAN,Rohan Mehta,Card
pay_00000000000810,829.27,2026-08-31,RZP-00810-ISHA,Isha Nair,Netbanking
pay_00000000000811,6413.77,2026-09-01,RZP-00811-AARAV,Aarav Sharma,UPI
pay_00000000000812,14773.11,2026-09-02,RZP-00812-DIYA,Diya Patel,Card
pay_00000000000813,4036.86,2026-08-05,RZP-00813-KABIR,Kabir Singh,Netbanking
pay_00000000000814,1889.63,2026-08-06,RZP-00814-ANANYA,Ananya Iyer,UPI
pay_00000000000815,12200.92,2026-08-07,RZP-00815-ROHAN,Rohan Mehta,Card
pay_00000000000816,9586.5,2026-08-08,RZP-00816-ISHA,Isha Nair,Netbanking
pay_00000000000817,12882.15,2026-08-09,RZP-00817-AARAV,Aarav Sharma,UPI
pay_00000000000818,9846.82,2026-08-10,RZP-00818-DIYA,Diya Patel,Card
pay_00000000000819,9662.95,2026-08-11,RZP-00819-KABIR,Kabir Singh,Netbanking
pay_00000000000820,14440.27,2026-08-12,RZP-00820-ANANYA,Ananya Iyer,UPI
pay_00000000000821,6127.35,2026-08-13,RZP-00821-ROHAN,Rohan Mehta,Card
pay_00000000000822,12164.52,2026-08-14,RZP-00822-ISHA,Isha Nair,Netbanking
pay_00000000000823,7041.68,2026-08-15,RZP-00823-AARAV,Aarav Sharma,UPI
pay_00000000000824,1484.8,2026-08-16,RZP-00824-DIYA,Diya Patel,Card
pay_00000000000825,1396.0,2026-08-17,RZP-00825-KABIR,Kabir Singh,Netbanking
pay_00000000000826,6404.94,2026-08-18,RZP-00826-ANANYA,Ananya Iyer,UPI
pay_00000000000827,3541.93,2026-08-19,RZP-00827-ROHAN,Rohan Mehta,Card
pay_00000000000828,2810.92,2026-08-20,RZP-00828-ISHA,Isha Nair,Netbanking
pay_00000000000829,1670.15,2026-08-21,RZP-00829-AARAV,Aarav Sharma,UPI
pay_00000000000830,7367.97,2026-08-22,RZP-00830-DIYA,Diya Patel,Card
pay_00000000000831,7684.15,2026-08-23,RZP-00831-KABIR,Kabir Singh,Netbanking
pay_00000000000832,4798.73,2026-08-24,RZP-00832-ANANYA,Ananya Iyer,UPI
pay_00000000000833,8764.49,2026-08-25,RZP-00833-ROHAN,Rohan Mehta,Card
pay_00000000000834,14969.85,2026-08-26,RZP-00834-ISHA,Isha Nair,Netbanking
pay_00000000000835,346.71,2026-08-27,RZP-00835-AARAV,Aarav Sharma,UPI
pay_00000000000836,6947.24,2026-08-28,RZP-00836-DIYA,Diya Patel,Card
pay_00000000000837,1450.23,2026-08-29,RZP-00837-KABIR,Kabir Singh,Netbanking
pay_00000000000838,653.85,2026-08-30,RZP-00838-ANANYA,Ananya Iyer,UPI
pay_00000000000839,9297.46,2026-08-31,RZP-00839-ROHAN,Rohan Mehta,Card
pay_00000000000840,4108.09,2026-09-01,RZP-00840-ISHA,Isha Nair,Netbanking
pay_00000000000841,8606.63,2026-09-02,RZP-00841-AARAV,Aarav Sharma,UPI
pay_00000000000842,7461.62,2026-08-05,RZP-00842-DIYA,Diya Patel,Card
pay_00000000000843,12901.94,2026-08-06,RZP-00843-KABIR,Kabir Singh,Netbanking
pay_00000000000844,8106.51,2026-08-07,RZP-00844-ANANYA,Ananya Iyer,UPI
pay_00000000000845,1814.42,2026-08-08,RZP-00845-ROHAN,Rohan Mehta,Card
pay_00000000000846,8264.98,2026-08-09,RZP-00846-ISHA,Isha Nair,Netbanking
pay_00000000000847,11467.45,2026-08-10,RZP-00847-AARAV,Aarav Sharma,UPI
pay_00000000000848,9437.53,2026-08-11,RZP-00848-DIYA,Diya Patel,Card
pay_00000000000849,9950.14,2026-08-12,RZP-00849-KABIR,Kabir Singh,Netbanking
pay_00000000000850,13144.49,2026-08-13,RZP-00850-ANANYA,Ananya Iyer,UPI
pay_00000000000851,5138.1,2026-08-14,RZP-00851-ROHAN,Rohan Mehta,Card
pay_00000000000852,8511.99,2026-08-15,RZP-00852-ISHA,Isha Nair,Netbanking
pay_00000000000853,2330.24,2026-08-16,RZP-00853-AARAV,Aarav Sharma,UPI
pay_00000000000854,9528.45,2026-08-17,RZP-00854-DIYA,Diya Patel,Card
pay_00000000000855,7309.35,2026-08-18,RZP-00855-KABIR,Kabir Singh,Netbanking
pay_00000000000856,4872.41,2026-08-19,RZP-00856-ANANYA,Ananya Iyer,UPI
pay_00000000000857,6773.75,2026-08-20,RZP-00857-ROHAN,Rohan Mehta,Card
pay_00000000000858,8601.34,2026-08-21,RZP-00858-ISHA,Isha Nair,Netbanking
pay_00000000000859,8796.72,2026-08-22,RZP-00859-AARAV,Aarav Sharma,UPI
pay_00000000000860,4357.15,2026-08-23,RZP-00860-DIYA,Diya Patel,Card
pay_00000000000861,14636.75,2026-08-24,RZP-00861-KABIR,Kabir Singh,Netbanking
pay_00000000000862,9616.82,2026-08-25,RZP-00862-ANANYA,Ananya Iyer,UPI
pay_00000000000863,8631.88,2026-08-26,RZP-00863-ROHAN,Rohan Mehta,Card
pay_00000000000864,13033.35,2026-08-27,RZP-00864-ISHA,Isha Nair,Netbanking
pay_00000000000865,2844.94,2026-08-28,RZP-00865-AARAV,Aarav Sharma,UPI
pay_00000000000866,1653.51,2026-08-29,RZP-00866-DIYA,Diya Patel,Card
pay_00000000000867,9280.53,2026-08-30,RZP-00867-KABIR,Kabir Singh,Netbanking
pay_00000000000868,9265.58,2026-08-31,RZP-00868-ANANYA,Ananya Iyer,UPI
pay_00000000000869,6237.97,2026-09-01,RZP-00869-ROHAN,Rohan Mehta,Card
pay_00000000000870,6037.01,2026-09-02,RZP-00870-ISHA,Isha Nair,Netbanking
pay_00000000000871,8070.0,2026-08-05,RZP-00871-AARAV,Aarav Sharma,UPI
pay_00000000000872,9948.22,2026-08-06,RZP-00872-DIYA,Diya Patel,Card
pay_00000000000873,10944.11,2026-08-07,RZP-00873-KABIR,Kabir Singh,Netbanking
pay_00000000000874,7583.55,2026-08-08,RZP-00874-ANANYA,Ananya Iyer,UPI
pay_00000000000875,10573.56,2026-08-09,RZP-00875-ROHAN,Rohan Mehta,Card
pay_00000000000876,14537.04,2026-08-10,RZP-00876-ISHA,Isha Nair,Netbanking
pay_00000000000877,5813.22,2026-08-11,RZP-00877-AARAV,Aarav Sharma,UPI
pay_00000000000878,4762.34,2026-08-12,RZP-00878-DIYA,Diya Patel,Card
pay_00000000000879,1597.3,2026-08-13,RZP-00879-KABIR,Kabir Singh,Netbanking
pay_00000000000880,1433.56,2026-08-14,RZP-00880-ANANYA,Ananya Iyer,UPI
pay_00000000000881,5816.89,2026-08-15,RZP-00881-ROHAN,Rohan Mehta,Card
pay_00000000000882,854.88,2026-08-16,RZP-00882-ISHA,Isha Nair,Netbanking
pay_00000000000883,2601.19,2026-08-17,RZP-00883-AARAV,Aarav Sharma,UPI
pay_00000000000884,12058.57,2026-08-18,RZP-00884-DIYA,Diya Patel,Card
pay_00000000000885,9720.31,2026-08-19,RZP-00885-KABIR,Kabir Singh,Netbanking
pay_00000000000886,11065.54,2026-08-20,RZP-00886-ANANYA,Ananya Iyer,UPI
pay_00000000000887,4489.97,2026-08-21,RZP-00887-ROHAN,Rohan Mehta,Card
pay_00000000000888,5221.09,2026-08-22,RZP-00888-ISHA,Isha Nair,Netbanking
pay_00000000000889,3217.0,2026-08-23,RZP-00889-AARAV,Aarav Sharma,UPI
pay_00000000000890,7910.66,2026-08-24,RZP-00890-DIYA,Diya Patel,Card
pay_00000000000891,11312.59,2026-08-25,RZP-00891-KABIR,Kabir Singh,Netbanking
pay_00000000000892,3348.93,2026-08-26,RZP-00892-ANANYA,Ananya Iyer,UPI
pay_00000000000893,1090.68,2026-08-27,RZP-00893-ROHAN,Rohan Mehta,Card
pay_00000000000894,13615.43,2026-08-28,RZP-00894-ISHA,Isha Nair,Netbanking
pay_00000000000895,2071.39,2026-08-29,RZP-00895-AARAV,Aarav Sharma,UPI
pay_00000000000896,14163.74,2026-08-30,RZP-00896-DIYA,Diya Patel,Card
pay_00000000000897,13635.51,2026-08-31,RZP-00897-KABIR,Kabir Singh,Netbanking
pay_00000000000898,3221.03,2026-09-01,RZP-00898-ANANYA,Ananya Iyer,UPI
pay_00000000000899,693.78,2026-09-02,RZP-00899-ROHAN,Rohan Mehta,Card
pay_00000000000900,9225.92,2026-08-05,RZP-00900-ISHA,Isha Nair,Netbanking
pay_00000000000901,14974.74,2026-08-06,RZP-00901-AARAV,Aarav Sharma,UPI
pay_00000000000902,1018.72,2026-08-07,RZP-00902-DIYA,Diya Patel,Card
pay_00000000000903,8674.52,2026-08-08,RZP-00903-KABIR,Kabir Singh,Netbanking
pay_00000000000904,5635.43,2026-08-09,RZP-00904-ANANYA,Ananya Iyer,UPI
pay_00000000000905,5252.87,2026-08-10,RZP-00905-ROHAN,Rohan Mehta,Card
pay_00000000000906,9986.0,2026-08-11,RZP-00906-ISHA,Isha Nair,Netbanking
pay_00000000000907,7860.47,2026-08-12,RZP-00907-AARAV,Aarav Sharma,UPI
pay_00000000000908,395.64,2026-08-13,RZP-00908-DIYA,Diya Patel,Card
pay_00000000000909,6738.86,2026-08-14,RZP-00909-KABIR,Kabir Singh,Netbanking
pay_00000000000910,13590.27,2026-08-15,RZP-00910-ANANYA,Ananya Iyer,UPI
pay_00000000000911,12227.5,2026-08-16,RZP-00911-ROHAN,Rohan Mehta,Card
pay_00000000000912,2894.81,2026-08-17,RZP-00912-ISHA,Isha Nair,Netbanking
pay_00000000000913,7470.4,2026-08-18,RZP-00913-AARAV,Aarav Sharma,UPI
pay_00000000000914,3140.36,2026-08-19,RZP-00914-DIYA,Diya Patel,Card
pay_00000000000915,12112.06,2026-08-20,RZP-00915-KABIR,Kabir Singh,Netbanking
pay_00000000000916,11992.54,2026-08-21,RZP-00916-ANANYA,Ananya Iyer,UPI
pay_00000000000917,1823.79,2026-08-22,RZP-00917-ROHAN,Rohan Mehta,Card
pay_00000000000918,10072.47,2026-08-23,RZP-00918-ISHA,Isha Nair,Netbanking
pay_00000000000919,11995.15,2026-08-24,RZP-00919-AARAV,Aarav Sharma,UPI
pay_00000000000920,3523.6,2026-08-25,RZP-00920-DIYA,Diya Patel,Card
pay_00000000000921,5696.27,2026-08-26,RZP-00921-KABIR,Kabir Singh,Netbanking
pay_00000000000922,4327.9,2026-08-27,RZP-00922-ANANYA,Ananya Iyer,UPI
pay_00000000000923,4501.47,2026-08-28,RZP-00923-ROHAN,Rohan Mehta,Card
pay_00000000000924,7506.87,2026-08-29,RZP-00924-ISHA,Isha Nair,Netbanking
pay_00000000000925,558.2,2026-08-30,RZP-00925-AARAV,Aarav Sharma,UPI
pay_00000000000926,14569.62,2026-08-31,RZP-00926-DIYA,Diya Patel,Card
pay_00000000000927,14272.98,2026-09-01,RZP-00927-KABIR,Kabir Singh,Netbanking
pay_00000000000928,11346.85,2026-09-02,RZP-00928-ANANYA,Ananya Iyer,UPI
pay_00000000000929,10451.8,2026-08-05,RZP-00929-ROHAN,Rohan Mehta,Card
pay_00000000000930,3517.29,2026-08-06,RZP-00930-ISHA,Isha Nair,Netbanking
pay_00000000000931,10272.43,2026-08-07,RZP-00931-AARAV,Aarav Sharma,UPI
pay_00000000000932,4598.05,2026-08-08,RZP-00932-DIYA,Diya Patel,Card
pay_00000000000933,14719.91,2026-08-09,RZP-00933-KABIR,Kabir Singh,Netbanking
pay_00000000000934,14006.95,2026-08-10,RZP-00934-ANANYA,Ananya Iyer,UPI
pay_00000000000935,2888.54,2026-08-11,RZP-00935-ROHAN,Rohan Mehta,Card
pay_00000000000936,5332.44,2026-08-12,RZP-00936-ISHA,Isha Nair,Netbanking
pay_00000000000937,5011.62,2026-08-13,RZP-00937-AARAV,Aarav Sharma,UPI
pay_00000000000938,2852.16,2026-08-14,RZP-00938-DIYA,Diya Patel,Card
pay_00000000000939,12033.1,2026-08-15,RZP-00939-KABIR,Kabir Singh,Netbanking
pay_00000000000940,3760.94,2026-08-16,RZP-00940-ANANYA,Ananya Iyer,UPI
pay_00000000000941,2328.44,2026-08-17,RZP-00941-ROHAN,Rohan Mehta,Card
pay_00000000000942,4136.09,2026-08-18,RZP-00942-ISHA,Isha Nair,Netbanking
pay_00000000000943,3058.55,2026-08-19,RZP-00943-AARAV,Aarav Sharma,UPI
pay_00000000000944,6427.69,2026-08-20,RZP-00944-DIYA,Diya Patel,Card
pay_00000000000945,10440.4,2026-08-21,RZP-00945-KABIR,Kabir Singh,Netbanking
pay_00000000000946,1847.27,2026-08-22,RZP-00946-ANANYA,Ananya Iyer,UPI
pay_00000000000947,9496.94,2026-08-23,RZP-00947-ROHAN,Rohan Mehta,Card
pay_00000000000948,1864.21,2026-08-24,RZP-00948-ISHA,Isha Nair,Netbanking
pay_00000000000949,9473.02,2026-08-25,RZP-00949-AARAV,Aarav Sharma,UPI
pay_00000000000950,10497.6,2026-08-26,RZP-00950-DIYA,Diya Patel,Card
pay_00000000000951,9108.29,2026-08-27,RZP-00951-KABIR,Kabir Singh,Netbanking
pay_00000000000952,5919.67,2026-08-28,RZP-00952-ANANYA,Ananya Iyer,UPI
pay_00000000000953,5231.96,2026-08-29,RZP-00953-ROHAN,Rohan Mehta,Card
pay_00000000000954,1456.51,2026-08-30,RZP-00954-ISHA,Isha Nair,Netbanking
pay_00000000000955,150.98,2026-08-31,RZP-00955-AARAV,Aarav Sharma,UPI
pay_00000000000956,1358.55,2026-09-01,RZP-00956-DIYA,Diya Patel,Card
pay_00000000000957,10722.94,2026-09-02,RZP-00957-KABIR,Kabir Singh,Netbanking
pay_00000000000958,6174.5,2026-08-05,RZP-00958-ANANYA,Ananya Iyer,UPI
pay_00000000000959,10946.67,2026-08-06,RZP-00959-ROHAN,Rohan Mehta,Card
pay_00000000000960,13196.95,2026-08-07,RZP-00960-ISHA,Isha Nair,Netbanking
pay_00000000000961,5223.45,2026-08-08,RZP-00961-AARAV,Aarav Sharma,UPI
pay_00000000000962,5693.04,2026-08-09,RZP-00962-DIYA,Diya Patel,Card
pay_00000000000963,1443.43,2026-08-10,RZP-00963-KABIR,Kabir Singh,Netbanking
pay_00000000000964,2676.66,2026-08-11,RZP-00964-ANANYA,Ananya Iyer,UPI
pay_00000000000965,6416.16,2026-08-12,RZP-00965-ROHAN,Rohan Mehta,Card
pay_00000000000966,8961.59,2026-08-13,RZP-00966-ISHA,Isha Nair,Netbanking
pay_00000000000967,13270.02,2026-08-14,RZP-00967-AARAV,Aarav Sharma,UPI
pay_00000000000968,3687.92,2026-08-15,RZP-00968-DIYA,Diya Patel,Card
pay_00000000000969,14944.18,2026-08-16,RZP-00969-KABIR,Kabir Singh,Netbanking
pay_00000000000970,4627.37,2026-08-17,RZP-00970-ANANYA,Ananya Iyer,UPI
pay_00000000000971,4420.66,2026-08-18,RZP-00971-ROHAN,Rohan Mehta,Card
pay_00000000000972,1016.82,2026-08-19,RZP-00972-ISHA,Isha Nair,Netbanking
pay_00000000000973,14180.37,2026-08-20,RZP-00973-AARAV,Aarav Sharma,UPI
pay_00000000000974,2194.06,2026-08-21,RZP-00974-DIYA,Diya Patel,Card
pay_00000000000975,10026.45,2026-08-22,RZP-00975-KABIR,Kabir Singh,Netbanking
pay_00000000000976,3673.45,2026-08-23,RZP-00976-ANANYA,Ananya Iyer,UPI
pay_00000000000977,11078.1,2026-08-24,RZP-00977-ROHAN,Rohan Mehta,Card
pay_00000000000978,3388.96,2026-08-25,RZP-00978-ISHA,Isha Nair,Netbanking
pay_00000000000979,2382.56,2026-08-26,RZP-00979-AARAV,Aarav Sharma,UPI
pay_00000000000980,6340.31,2026-08-27,RZP-00980-DIYA,Diya Patel,Card
pay_00000000000981,12244.52,2026-08-28,RZP-00981-KABIR,Kabir Singh,Netbanking
pay_00000000000982,8525.45,2026-08-29,RZP-00982-ANANYA,Ananya Iyer,UPI
pay_00000000000983,4853.56,2026-08-30,RZP-00983-ROHAN,Rohan Mehta,Card
pay_00000000000984,4111.29,2026-08-31,RZP-00984-ISHA,Isha Nair,Netbanking
pay_00000000000985,14141.88,2026-09-01,RZP-00985-AARAV,Aarav Sharma,UPI
pay_00000000000986,3243.93,2026-09-02,RZP-00986-DIYA,Diya Patel,Card
pay_00000000000987,8255.26,2026-08-05,RZP-00987-KABIR,Kabir Singh,Netbanking
pay_00000000000988,13462.05,2026-08-06,RZP-00988-ANANYA,Ananya Iyer,UPI
pay_00000000000989,9298.2,2026-08-07,RZP-00989-ROHAN,Rohan Mehta,Card
pay_00000000000990,7588.97,2026-08-08,RZP-00990-ISHA,Isha Nair,Netbanking
pay_00000000000991,12477.31,2026-08-09,RZP-00991-AARAV,Aarav Sharma,UPI
pay_00000000000992,9718.72,2026-08-10,RZP-00992-DIYA,Diya Patel,Card
pay_00000000000993,3659.69,2026-08-11,RZP-00993-KABIR,Kabir Singh,Netbanking
pay_00000000000994,10679.54,2026-08-12,RZP-00994-ANANYA,Ananya Iyer,UPI
pay_00000000000995,11220.49,2026-08-13,RZP-00995-ROHAN,Rohan Mehta,Card
pay_00000000000996,12338.85,2026-08-14,RZP-00996-ISHA,Isha Nair,Netbanking
pay_00000000000997,11348.95,2026-08-15,RZP-00997-AARAV,Aarav Sharma,UPI
pay_00000000000998,365.1,2026-08-16,RZP-00998-DIYA,Diya Patel,Card
pay_00000000000999,2364.68,2026-08-17,RZP-00999-KABIR,Kabir Singh,Netbanking
pay_00000000001000,6095.09,2026-08-18,RZP-01000-ANANYA,Ananya Iyer,UPI
pay_00000000001001,8650.73,2026-08-19,RZP-01001-ROHAN,Rohan Mehta,Card
pay_00000000001002,6185.15,2026-08-20,RZP-01002-ISHA,Isha Nair,Netbanking
pay_00000000001003,7668.68,2026-08-21,RZP-01003-AARAV,Aarav Sharma,UPI
pay_00000000001004,2069.91,2026-08-22,RZP-01004-DIYA,Diya Patel,Card
pay_00000000001005,8633.46,2026-08-23,RZP-01005-KABIR,Kabir Singh,Netbanking
pay_00000000001006,12165.2,2026-08-24,RZP-01006-ANANYA,Ananya Iyer,UPI
pay_00000000001007,822.76,2026-08-25,RZP-01007-ROHAN,Rohan Mehta,Card
pay_00000000001008,14868.51,2026-08-26,RZP-01008-ISHA,Isha Nair,Netbanking
pay_00000000001009,8352.14,2026-08-27,RZP-01009-AARAV,Aarav Sharma,UPI
pay_00000000001010,8081.51,2026-08-28,RZP-01010-DIYA,Diya Patel,Card
pay_00000000001011,12607.99,2026-08-29,RZP-01011-KABIR,Kabir Singh,Netbanking
pay_00000000001012,5233.96,2026-08-30,RZP-01012-ANANYA,Ananya Iyer,UPI
pay_00000000001013,4235.31,2026-08-31,RZP-01013-ROHAN,Rohan Mehta,Card
pay_00000000001014,7306.69,2026-09-01,RZP-01014-ISHA,Isha Nair,Netbanking
pay_00000000001015,2043.11,2026-09-02,RZP-01015-AARAV,Aarav Sharma,UPI
pay_00000000001016,7768.88,2026-08-05,RZP-01016-DIYA,Diya Patel,Card
pay_00000000001017,11801.59,2026-08-06,RZP-01017-KABIR,Kabir Singh,Netbanking
pay_00000000001018,3248.81,2026-08-07,RZP-01018-ANANYA,Ananya Iyer,UPI
pay_00000000001019,10097.01,2026-08-08,RZP-01019-ROHAN,Rohan Mehta,Card
pay_00000000001020,1351.06,2026-08-09,RZP-01020-ISHA,Isha Nair,Netbanking
pay_00000000001021,11332.55,2026-08-10,RZP-01021-AARAV,Aarav Sharma,UPI
pay_00000000001022,12633.86,2026-08-11,RZP-01022-DIYA,Diya Patel,Card
pay_00000000001023,5735.31,2026-08-12,RZP-01023-KABIR,Kabir Singh,Netbanking
pay_00000000001024,6091.6,2026-08-13,RZP-01024-ANANYA,Ananya Iyer,UPI
pay_00000000001025,1005.38,2026-08-14,RZP-01025-ROHAN,Rohan Mehta,Card
pay_00000000001026,9682.24,2026-08-15,RZP-01026-ISHA,Isha Nair,Netbanking
pay_00000000001027,7718.27,2026-08-16,RZP-01027-AARAV,Aarav Sharma,UPI
pay_00000000001028,8158.42,2026-08-17,RZP-01028-DIYA,Diya Patel,Card
pay_00000000001029,9494.26,2026-08-18,RZP-01029-KABIR,Kabir Singh,Netbanking
pay_00000000001030,2333.7,2026-08-19,RZP-01030-ANANYA,Ananya Iyer,UPI
pay_00000000001031,1263.85,2026-08-20,RZP-01031-ROHAN,Rohan Mehta,Card
pay_00000000001032,2926.52,2026-08-21,RZP-01032-ISHA,Isha Nair,Netbanking
pay_00000000001033,1277.61,2026-08-22,RZP-01033-AARAV,Aarav Sharma,UPI
pay_00000000001034,14096.87,2026-08-23,RZP-01034-DIYA,Diya Patel,Card
pay_00000000001035,4568.67,2026-08-24,RZP-01035-KABIR,Kabir Singh,Netbanking
pay_00000000001036,11281.51,2026-08-25,RZP-01036-ANANYA,Ananya Iyer,UPI
pay_00000000001037,12599.31,2026-08-26,RZP-01037-ROHAN,Rohan Mehta,Card
pay_00000000001038,8119.69,2026-08-27,RZP-01038-ISHA,Isha Nair,Netbanking
pay_00000000001039,6923.02,2026-08-28,RZP-01039-AARAV,Aarav Sharma,UPI
pay_00000000001040,13407.32,2026-08-29,RZP-01040-DIYA,Diya Patel,Card
pay_00000000001041,6760.05,2026-08-30,RZP-01041-KABIR,Kabir Singh,Netbanking
pay_00000000001042,3909.4,2026-08-31,RZP-01042-ANANYA,Ananya Iyer,UPI
pay_00000000001043,11408.48,2026-09-01,RZP-01043-ROHAN,Rohan Mehta,Card
pay_00000000001044,7064.42,2026-09-02,RZP-01044-ISHA,Isha Nair,Netbanking
pay_00000000001045,10313.06,2026-08-05,RZP-01045-AARAV,Aarav Sharma,UPI
pay_00000000001046,8716.37,2026-08-06,RZP-01046-DIYA,Diya Patel,Card
pay_00000000001047,2537.15,2026-08-07,RZP-01047-KABIR,Kabir Singh,Netbanking
pay_00000000001048,7866.04,2026-08-08,RZP-01048-ANANYA,Ananya Iyer,UPI
pay_00000000001049,13081.42,2026-08-09,RZP-01049-ROHAN,Rohan Mehta,Card
pay_00000000001050,8374.19,2026-08-10,RZP-01050-ISHA,Isha Nair,Netbanking
pay_00000000001051,11315.62,2026-08-11,RZP-01051-AARAV,Aarav Sharma,UPI
pay_00000000001052,4891.31,2026-08-12,RZP-01052-DIYA,Diya Patel,Card
pay_00000000001053,342.75,2026-08-13,RZP-01053-KABIR,Kabir Singh,Netbanking
pay_00000000001054,10756.15,2026-08-14,RZP-01054-ANANYA,Ananya Iyer,UPI
pay_00000000001055,12498.95,2026-08-15,RZP-01055-ROHAN,Rohan Mehta,Card
pay_00000000001056,13665.82,2026-08-16,RZP-01056-ISHA,Isha Nair,Netbanking
pay_00000000001057,14992.44,2026-08-17,RZP-01057-AARAV,Aarav Sharma,UPI
pay_00000000001058,1433.44,2026-08-18,RZP-01058-DIYA,Diya Patel,Card
pay_00000000001059,9519.36,2026-08-19,RZP-01059-KABIR,Kabir Singh,Netbanking
pay_00000000001060,4207.37,2026-08-20,RZP-01060-ANANYA,Ananya Iyer,UPI
pay_00000000001061,2952.88,2026-08-21,RZP-01061-ROHAN,Rohan Mehta,Card
pay_00000000001062,3200.64,2026-08-22,RZP-01062-ISHA,Isha Nair,Netbanking
pay_00000000001063,1926.26,2026-08-23,RZP-01063-AARAV,Aarav Sharma,UPI
pay_00000000001064,13066.21,2026-08-24,RZP-01064-DIYA,Diya Patel,Card
pay_00000000001065,13917.09,2026-08-25,RZP-01065-KABIR,Kabir Singh,Netbanking
pay_00000000001066,7610.82,2026-08-26,RZP-01066-ANANYA,Ananya Iyer,UPI
pay_00000000001067,8508.09,2026-08-27,RZP-01067-ROHAN,Rohan Mehta,Card
pay_00000000001068,1694.99,2026-08-28,RZP-01068-ISHA,Isha Nair,Netbanking
pay_00000000001069,8313.86,2026-08-29,RZP-01069-AARAV,Aarav Sharma,UPI
pay_00000000001070,4661.12,2026-08-30,RZP-01070-DIYA,Diya Patel,Card
pay_00000000001071,12239.44,2026-08-31,RZP-01071-KABIR,Kabir Singh,Netbanking
pay_00000000001072,2949.04,2026-09-01,RZP-01072-ANANYA,Ananya Iyer,UPI
pay_00000000001073,9711.62,2026-09-02,RZP-01073-ROHAN,Rohan Mehta,Card
pay_00000000001074,10431.59,2026-08-05,RZP-01074-ISHA,Isha Nair,Netbanking
pay_00000000001075,2403.92,2026-08-06,RZP-01075-AARAV,Aarav Sharma,UPI
pay_00000000001076,12780.86,2026-08-07,RZP-01076-DIYA,Diya Patel,Card
pay_00000000001077,2099.1,2026-08-08,RZP-01077-KABIR,Kabir Singh,Netbanking
pay_00000000001078,4127.86,2026-08-09,RZP-01078-ANANYA,Ananya Iyer,UPI
pay_00000000001079,901.21,2026-08-10,RZP-01079-ROHAN,Rohan Mehta,Card
pay_00000000001080,8478.07,2026-08-11,RZP-01080-ISHA,Isha Nair,Netbanking
pay_00000000001081,14284.48,2026-08-12,RZP-01081-AARAV,Aarav Sharma,UPI
pay_00000000001082,14962.99,2026-08-13,RZP-01082-DIYA,Diya Patel,Card
pay_00000000001083,11268.12,2026-08-14,RZP-01083-KABIR,Kabir Singh,Netbanking
pay_00000000001084,4308.9,2026-08-15,RZP-01084-ANANYA,Ananya Iyer,UPI
pay_00000000001085,2911.3,2026-08-16,RZP-01085-ROHAN,Rohan Mehta,Card
pay_00000000001086,8125.32,2026-08-17,RZP-01086-ISHA,Isha Nair,Netbanking
pay_00000000001087,7517.58,2026-08-18,RZP-01087-AARAV,Aarav Sharma,UPI
pay_00000000001088,9721.07,2026-08-19,RZP-01088-DIYA,Diya Patel,Card
pay_00000000001089,6386.6,2026-08-20,RZP-01089-KABIR,Kabir Singh,Netbanking
pay_00000000001090,3099.75,2026-08-21,RZP-01090-ANANYA,Ananya Iyer,UPI
pay_00000000001091,4525.77,2026-08-22,RZP-01091-ROHAN,Rohan Mehta,Card
pay_00000000001092,13186.1,2026-08-23,RZP-01092-ISHA,Isha Nair,Netbanking
pay_00000000001093,11155.52,2026-08-24,RZP-01093-AARAV,Aarav Sharma,UPI
pay_00000000001094,374.37,2026-08-25,RZP-01094-DIYA,Diya Patel,Card
pay_00000000001095,12804.27,2026-08-26,RZP-01095-KABIR,Kabir Singh,Netbanking
pay_00000000001096,12460.2,2026-08-27,RZP-01096-ANANYA,Ananya Iyer,UPI
pay_00000000001097,10719.67,2026-08-28,RZP-01097-ROHAN,Rohan Mehta,Card
pay_00000000001098,5120.55,2026-08-29,RZP-01098-ISHA,Isha Nair,Netbanking
pay_00000000001099,9661.03,2026-08-30,RZP-01099-AARAV,Aarav Sharma,UPI
pay_00000000001100,1299.47,2026-08-31,RZP-01100-DIYA,Diya Patel,Card
pay_00000000001101,284.7,2026-09-01,RZP-01101-KABIR,Kabir Singh,Netbanking
pay_00000000001102,13474.78,2026-09-02,RZP-01102-ANANYA,Ananya Iyer,UPI
pay_00000000001103,11039.46,2026-08-05,RZP-01103-ROHAN,Rohan Mehta,Card
pay_00000000001104,9926.0,2026-08-06,RZP-01104-ISHA,Isha Nair,Netbanking
pay_00000000001105,7552.07,2026-08-07,RZP-01105-AARAV,Aarav Sharma,UPI
pay_00000000001106,5879.68,2026-08-08,RZP-01106-DIYA,Diya Patel,Card
pay_00000000001107,7127.81,2026-08-09,RZP-01107-KABIR,Kabir Singh,Netbanking
pay_00000000001108,11107.55,2026-08-10,RZP-01108-ANANYA,Ananya Iyer,UPI
pay_00000000001109,1151.78,2026-08-11,RZP-01109-ROHAN,Rohan Mehta,Card
pay_00000000001110,7189.44,2026-08-12,RZP-01110-ISHA,Isha Nair,Netbanking
pay_00000000001111,3396.21,2026-08-13,RZP-01111-AARAV,Aarav Sharma,UPI
pay_00000000001112,8365.43,2026-08-14,RZP-01112-DIYA,Diya Patel,Card
pay_00000000001113,8493.4,2026-08-15,RZP-01113-KABIR,Kabir Singh,Netbanking
pay_00000000001114,8862.17,2026-08-16,RZP-01114-ANANYA,Ananya Iyer,UPI
pay_00000000001115,14438.66,2026-08-17,RZP-01115-ROHAN,Rohan Mehta,Card
pay_00000000001116,11701.65,2026-08-18,RZP-01116-ISHA,Isha Nair,Netbanking
pay_00000000001117,6977.7,2026-08-19,RZP-01117-AARAV,Aarav Sharma,UPI
pay_00000000001118,2025.73,2026-08-20,RZP-01118-DIYA,Diya Patel,Card
pay_00000000001119,939.48,2026-08-21,RZP-01119-KABIR,Kabir Singh,Netbanking
pay_00000000001120,11906.7,2026-08-22,RZP-01120-ANANYA,Ananya Iyer,UPI
pay_00000000001121,620.75,2026-08-23,RZP-01121-ROHAN,Rohan Mehta,Card
pay_00000000001122,10966.96,2026-08-24,RZP-01122-ISHA,Isha Nair,Netbanking
pay_00000000001123,1650.45,2026-08-25,RZP-01123-AARAV,Aarav Sharma,UPI
pay_00000000001124,8089.14,2026-08-26,RZP-01124-DIYA,Diya Patel,Card
pay_00000000001125,9610.43,2026-08-27,RZP-01125-KABIR,Kabir Singh,Netbanking
pay_00000000001126,956.62,2026-08-28,RZP-01126-ANANYA,Ananya Iyer,UPI
pay_00000000001127,13217.82,2026-08-29,RZP-01127-ROHAN,Rohan Mehta,Card
pay_00000000001128,3582.35,2026-08-30,RZP-01128-ISHA,Isha Nair,Netbanking
pay_00000000001129,2882.06,2026-08-31,RZP-01129-AARAV,Aarav Sharma,UPI
pay_00000000001130,9483.11,2026-09-01,RZP-01130-DIYA,Diya Patel,Card
pay_00000000001131,3522.43,2026-09-02,RZP-01131-KABIR,Kabir Singh,Netbanking
pay_00000000001132,6931.54,2026-08-05,RZP-01132-ANANYA,Ananya Iyer,UPI
pay_00000000001133,13840.35,2026-08-06,RZP-01133-ROHAN,Rohan Mehta,Card
pay_00000000001134,8297.82,2026-08-07,RZP-01134-ISHA,Isha Nair,Netbanking
pay_00000000001135,5110.87,2026-08-08,RZP-01135-AARAV,Aarav Sharma,UPI
pay_00000000001136,5184.83,2026-08-09,RZP-01136-DIYA,Diya Patel,Card
pay_00000000001137,4708.22,2026-08-10,RZP-01137-KABIR,Kabir Singh,Netbanking
pay_00000000001138,949.15,2026-08-11,RZP-01138-ANANYA,Ananya Iyer,UPI
pay_00000000001139,4183.39,2026-08-12,RZP-01139-ROHAN,Rohan Mehta,Card
pay_00000000001140,10265.0,2026-08-13,RZP-01140-ISHA,Isha Nair,Netbanking
pay_00000000001141,11228.76,2026-08-14,RZP-01141-AARAV,Aarav Sharma,UPI
pay_00000000001142,10369.95,2026-08-15,RZP-01142-DIYA,Diya Patel,Card
pay_00000000001143,6912.14,2026-08-16,RZP-01143-KABIR,Kabir Singh,Netbanking
pay_00000000001144,13070.53,2026-08-17,RZP-01144-ANANYA,Ananya Iyer,UPI
pay_00000000001145,13656.3,2026-08-18,RZP-01145-ROHAN,Rohan Mehta,Card
pay_00000000001146,12800.44,2026-08-19,RZP-01146-ISHA,Isha Nair,Netbanking
pay_00000000001147,6609.48,2026-08-20,RZP-01147-AARAV,Aarav Sharma,UPI
pay_00000000001148,12979.44,2026-08-21,RZP-01148-DIYA,Diya Patel,Card
pay_00000000001149,12614.73,2026-08-22,RZP-01149-KABIR,Kabir Singh,Netbanking
pay_00000000001150,13120.72,2026-08-23,RZP-01150-ANANYA,Ananya Iyer,UPI
pay_00000000001151,8224.48,2026-08-24,RZP-01151-ROHAN,Rohan Mehta,Card
pay_00000000001152,2609.86,2026-08-25,RZP-01152-ISHA,Isha Nair,Netbanking
pay_00000000001153,2794.45,2026-08-26,RZP-01153-AARAV,Aarav Sharma,UPI
pay_00000000001154,9641.55,2026-08-27,RZP-01154-DIYA,Diya Patel,Card
pay_00000000001155,13851.19,2026-08-28,RZP-01155-KABIR,Kabir Singh,Netbanking
pay_00000000001156,3748.35,2026-08-29,RZP-01156-ANANYA,Ananya Iyer,UPI
pay_00000000001157,1690.14,2026-08-30,RZP-01157-ROHAN,Rohan Mehta,Card
pay_00000000001158,13970.75,2026-08-31,RZP-01158-ISHA,Isha Nair,Netbanking
pay_00000000001159,8964.7,2026-09-01,RZP-01159-AARAV,Aarav Sharma,UPI
pay_00000000001160,3695.19,2026-09-02,RZP-01160-DIYA,Diya Patel,Card
pay_00000000001161,2548.12,2026-08-05,RZP-01161-KABIR,Kabir Singh,Netbanking
pay_00000000001162,6042.47,2026-08-06,RZP-01162-ANANYA,Ananya Iyer,UPI
pay_00000000001163,8190.33,2026-08-07,RZP-01163-ROHAN,Rohan Mehta,Card
pay_00000000001164,9821.22,2026-08-08,RZP-01164-ISHA,Isha Nair,Netbanking
pay_00000000001165,8365.98,2026-08-09,RZP-01165-AARAV,Aarav Sharma,UPI
pay_00000000001166,13673.0,2026-08-10,RZP-01166-DIYA,Diya Patel,Card
pay_00000000001167,12570.43,2026-08-11,RZP-01167-KABIR,Kabir Singh,Netbanking
pay_00000000001168,10967.04,2026-08-12,RZP-01168-ANANYA,Ananya Iyer,UPI
pay_00000000001169,12867.31,2026-08-13,RZP-01169-ROHAN,Rohan Mehta,Card
pay_00000000001170,12016.26,2026-08-14,RZP-01170-ISHA,Isha Nair,Netbanking
pay_00000000001171,3462.46,2026-08-15,RZP-01171-AARAV,Aarav Sharma,UPI
pay_00000000001172,10700.43,2026-08-16,RZP-01172-DIYA,Diya Patel,Card
pay_00000000001173,8850.23,2026-08-17,RZP-01173-KABIR,Kabir Singh,Netbanking
pay_00000000001174,6700.68,2026-08-18,RZP-01174-ANANYA,Ananya Iyer,UPI
pay_00000000001175,10748.76,2026-08-19,RZP-01175-ROHAN,Rohan Mehta,Card
pay_00000000001176,7482.45,2026-08-20,RZP-01176-ISHA,Isha Nair,Netbanking
pay_00000000001177,11588.72,2026-08-21,RZP-01177-AARAV,Aarav Sharma,UPI
pay_00000000001178,11406.08,2026-08-22,RZP-01178-DIYA,Diya Patel,Card
pay_00000000001179,13480.19,2026-08-23,RZP-01179-KABIR,Kabir Singh,Netbanking
pay_00000000001180,9039.53,2026-08-24,RZP-01180-ANANYA,Ananya Iyer,UPI
pay_00000000001181,11306.06,2026-08-25,RZP-01181-ROHAN,Rohan Mehta,Card
pay_00000000001182,8829.36,2026-08-26,RZP-01182-ISHA,Isha Nair,Netbanking
pay_00000000001183,9389.89,2026-08-27,RZP-01183-AARAV,Aarav Sharma,UPI
pay_00000000001184,4140.8,2026-08-28,RZP-01184-DIYA,Diya Patel,Card
pay_00000000001185,9828.3,2026-08-29,RZP-01185-KABIR,Kabir Singh,Netbanking
pay_00000000001186,2669.01,2026-08-30,RZP-01186-ANANYA,Ananya Iyer,UPI
pay_00000000001187,14354.57,2026-08-31,RZP-01187-ROHAN,Rohan Mehta,Card
pay_00000000001188,4420.18,2026-09-01,RZP-01188-ISHA,Isha Nair,Netbanking
pay_00000000001189,5818.82,2026-09-02,RZP-01189-AARAV,Aarav Sharma,UPI
pay_00000000001190,950.95,2026-08-05,RZP-01190-DIYA,Diya Patel,Card
pay_00000000001191,4220.9,2026-08-06,RZP-01191-KABIR,Kabir Singh,Netbanking
pay_00000000001192,9344.26,2026-08-07,RZP-01192-ANANYA,Ananya Iyer,UPI
pay_00000000001193,14190.49,2026-08-08,RZP-01193-ROHAN,Rohan Mehta,Card
pay_00000000001194,3565.12,2026-08-09,RZP-01194-ISHA,Isha Nair,Netbanking
pay_00000000001195,7288.64,2026-08-10,RZP-01195-AARAV,Aarav Sharma,UPI
pay_00000000001196,3761.2,2026-08-11,RZP-01196-DIYA,Diya Patel,Card
pay_00000000001197,7262.92,2026-08-12,RZP-01197-KABIR,Kabir Singh,Netbanking
pay_00000000001198,13953.49,2026-08-13,RZP-01198-ANANYA,Ananya Iyer,UPI
pay_00000000001199,13714.32,2026-08-14,RZP-01199-ROHAN,Rohan Mehta,Card
pay_00000000001200,8028.57,2026-08-15,RZP-01200-ISHA,Isha Nair,Netbanking
pay_00000000001201,8975.53,2026-08-16,RZP-01201-AARAV,Aarav Sharma,UPI
pay_00000000001202,6259.31,2026-08-17,RZP-01202-DIYA,Diya Patel,Card
pay_00000000001203,4495.09,2026-08-18,RZP-01203-KABIR,Kabir Singh,Netbanking
pay_00000000001204,14546.46,2026-08-19,RZP-01204-ANANYA,Ananya Iyer,UPI
pay_00000000001205,13288.76,2026-08-20,RZP-01205-ROHAN,Rohan Mehta,Card
pay_00000000001206,7420.59,2026-08-21,RZP-01206-ISHA,Isha Nair,Netbanking
pay_00000000001207,14790.74,2026-08-22,RZP-01207-AARAV,Aarav Sharma,UPI
pay_00000000001208,3949.28,2026-08-23,RZP-01208-DIYA,Diya Patel,Card
pay_00000000001209,11247.34,2026-08-24,RZP-01209-KABIR,Kabir Singh,Netbanking
pay_00000000001210,1646.62,2026-08-25,RZP-01210-ANANYA,Ananya Iyer,UPI
pay_00000000001211,2158.2,2026-08-26,RZP-01211-ROHAN,Rohan Mehta,Card
pay_00000000001212,11415.6,2026-08-27,RZP-01212-ISHA,Isha Nair,Netbanking
pay_00000000001213,4010.72,2026-08-28,RZP-01213-AARAV,Aarav Sharma,UPI
pay_00000000001214,9869.46,2026-08-29,RZP-01214-DIYA,Diya Patel,Card
pay_00000000001215,14827.75,2026-08-30,RZP-01215-KABIR,Kabir Singh,Netbanking
pay_00000000001216,8782.17,2026-08-31,RZP-01216-ANANYA,Ananya Iyer,UPI
pay_00000000001217,8108.31,2026-09-01,RZP-01217-ROHAN,Rohan Mehta,Card
pay_00000000001218,2500.88,2026-09-02,RZP-01218-ISHA,Isha Nair,Netbanking
pay_00000000001219,5381.43,2026-08-05,RZP-01219-AARAV,Aarav Sharma,UPI
pay_00000000001220,3419.32,2026-08-06,RZP-01220-DIYA,Diya Patel,Card
pay_00000000001221,13606.53,2026-08-07,RZP-01221-KABIR,Kabir Singh,Netbanking
pay_00000000001222,3502.19,2026-08-08,RZP-01222-ANANYA,Ananya Iyer,UPI
pay_00000000001223,7612.27,2026-08-09,RZP-01223-ROHAN,Rohan Mehta,Card
pay_00000000001224,13916.41,2026-08-10,RZP-01224-ISHA,Isha Nair,Netbanking
pay_00000000001225,5045.83,2026-08-11,RZP-01225-AARAV,Aarav Sharma,UPI
pay_00000000001226,5524.15,2026-08-12,RZP-01226-DIYA,Diya Patel,Card
pay_00000000001227,11704.62,2026-08-13,RZP-01227-KABIR,Kabir Singh,Netbanking
pay_00000000001228,11052.39,2026-08-14,RZP-01228-ANANYA,Ananya Iyer,UPI
pay_00000000001229,9847.86,2026-08-15,RZP-01229-ROHAN,Rohan Mehta,Card
pay_00000000001230,424.59,2026-08-16,RZP-01230-ISHA,Isha Nair,Netbanking
pay_00000000001231,6617.06,2026-08-17,RZP-01231-AARAV,Aarav Sharma,UPI
pay_00000000001232,9391.09,2026-08-18,RZP-01232-DIYA,Diya Patel,Card
pay_00000000001233,2371.79,2026-08-19,RZP-01233-KABIR,Kabir Singh,Netbanking
pay_00000000001234,8502.32,2026-08-20,RZP-01234-ANANYA,Ananya Iyer,UPI
pay_00000000001235,8298.05,2026-08-21,RZP-01235-ROHAN,Rohan Mehta,Card
pay_00000000001236,990.85,2026-08-22,RZP-01236-ISHA,Isha Nair,Netbanking
pay_00000000001237,7621.72,2026-08-23,RZP-01237-AARAV,Aarav Sharma,UPI
pay_00000000001238,14119.64,2026-08-24,RZP-01238-DIYA,Diya Patel,Card
pay_00000000001239,608.97,2026-08-25,RZP-01239-KABIR,Kabir Singh,Netbanking
pay_00000000001240,8882.44,2026-08-26,RZP-01240-ANANYA,Ananya Iyer,UPI
pay_00000000001241,944.1,2026-08-27,RZP-01241-ROHAN,Rohan Mehta,Card
pay_00000000001242,11549.9,2026-08-28,RZP-01242-ISHA,Isha Nair,Netbanking
pay_00000000001243,14013.27,2026-08-29,RZP-01243-AARAV,Aarav Sharma,UPI
pay_00000000001244,7480.82,2026-08-30,RZP-01244-DIYA,Diya Patel,Card
pay_00000000001245,11893.74,2026-08-31,RZP-01245-KABIR,Kabir Singh,Netbanking
pay_00000000001246,7109.11,2026-09-01,RZP-01246-ANANYA,Ananya Iyer,UPI
pay_00000000001247,546.16,2026-09-02,RZP-01247-ROHAN,Rohan Mehta,Card
pay_00000000001248,1743.97,2026-08-05,RZP-01248-ISHA,Isha Nair,Netbanking
pay_00000000001249,11363.54,2026-08-06,RZP-01249-AARAV,Aarav Sharma,UPI
pay_00000000001250,3520.83,2026-08-07,RZP-01250-DIYA,Diya Patel,Card
pay_00000000001251,6444.87,2026-08-08,RZP-01251-KABIR,Kabir Singh,Netbanking
pay_00000000001252,496.1,2026-08-09,RZP-01252-ANANYA,Ananya Iyer,UPI
pay_00000000001253,10121.28,2026-08-10,RZP-01253-ROHAN,Rohan Mehta,Card
pay_00000000001254,3069.77,2026-08-11,RZP-01254-ISHA,Isha Nair,Netbanking
pay_00000000001255,2192.13,2026-08-12,RZP-01255-AARAV,Aarav Sharma,UPI
pay_00000000001256,12103.96,2026-08-13,RZP-01256-DIYA,Diya Patel,Card
pay_00000000001257,13059.93,2026-08-14,RZP-01257-KABIR,Kabir Singh,Netbanking
pay_00000000001258,5859.89,2026-08-15,RZP-01258-ANANYA,Ananya Iyer,UPI
pay_00000000001259,8362.51,2026-08-16,RZP-01259-ROHAN,Rohan Mehta,Card
pay_00000000001260,11135.25,2026-08-17,RZP-01260-ISHA,Isha Nair,Netbanking
pay_00000000001261,819.09,2026-08-18,RZP-01261-AARAV,Aarav Sharma,UPI
pay_00000000001262,10051.56,2026-08-19,RZP-01262-DIYA,Diya Patel,Card
pay_00000000001263,3461.89,2026-08-20,RZP-01263-KABIR,Kabir Singh,Netbanking
pay_00000000001264,7657.12,2026-08-21,RZP-01264-ANANYA,Ananya Iyer,UPI
pay_00000000001265,2078.24,2026-08-22,RZP-01265-ROHAN,Rohan Mehta,Card
pay_00000000001266,7286.11,2026-08-23,RZP-01266-ISHA,Isha Nair,Netbanking
pay_00000000001267,8337.11,2026-08-24,RZP-01267-AARAV,Aarav Sharma,UPI
pay_00000000001268,14614.99,2026-08-25,RZP-01268-DIYA,Diya Patel,Card
pay_00000000001269,11208.49,2026-08-26,RZP-01269-KABIR,Kabir Singh,Netbanking
pay_00000000001270,3433.64,2026-08-27,RZP-01270-ANANYA,Ananya Iyer,UPI
pay_00000000001271,6887.3,2026-08-28,RZP-01271-ROHAN,Rohan Mehta,Card
pay_00000000001272,4697.61,2026-08-29,RZP-01272-ISHA,Isha Nair,Netbanking
pay_00000000001273,6130.73,2026-08-30,RZP-01273-AARAV,Aarav Sharma,UPI
pay_00000000001274,9975.5,2026-08-31,RZP-01274-DIYA,Diya Patel,Card
pay_00000000001275,14167.28,2026-09-01,RZP-01275-KABIR,Kabir Singh,Netbanking
pay_00000000001276,3245.34,2026-09-02,RZP-01276-ANANYA,Ananya Iyer,UPI
pay_00000000001277,3658.47,2026-08-05,RZP-01277-ROHAN,Rohan Mehta,Card
pay_00000000001278,7422.48,2026-08-06,RZP-01278-ISHA,Isha Nair,Netbanking
pay_00000000001279,3017.04,2026-08-07,RZP-01279-AARAV,Aarav Sharma,UPI
pay_00000000001280,9577.0,2026-08-08,RZP-01280-DIYA,Diya Patel,Card
pay_00000000001281,10334.83,2026-08-09,RZP-01281-KABIR,Kabir Singh,Netbanking
pay_00000000001282,12078.69,2026-08-10,RZP-01282-ANANYA,Ananya Iyer,UPI
pay_00000000001283,13339.17,2026-08-11,RZP-01283-ROHAN,Rohan Mehta,Card
pay_00000000001284,10388.44,2026-08-12,RZP-01284-ISHA,Isha Nair,Netbanking
pay_00000000001285,4029.7,2026-08-13,RZP-01285-AARAV,Aarav Sharma,UPI
pay_00000000001286,3042.73,2026-08-14,RZP-01286-DIYA,Diya Patel,Card
pay_00000000001287,6774.54,2026-08-15,RZP-01287-KABIR,Kabir Singh,Netbanking
pay_00000000001288,12830.72,2026-08-16,RZP-01288-ANANYA,Ananya Iyer,UPI
pay_00000000001289,2592.75,2026-08-17,RZP-01289-ROHAN,Rohan Mehta,Card
pay_00000000001290,9816.98,2026-08-18,RZP-01290-ISHA,Isha Nair,Netbanking
pay_00000000001291,5343.14,2026-08-19,RZP-01291-AARAV,Aarav Sharma,UPI
pay_00000000001292,857.22,2026-08-20,RZP-01292-DIYA,Diya Patel,Card
pay_00000000001293,4525.83,2026-08-21,RZP-01293-KABIR,Kabir Singh,Netbanking
pay_00000000001294,1830.76,2026-08-22,RZP-01294-ANANYA,Ananya Iyer,UPI
pay_00000000001295,10368.94,2026-08-23,RZP-01295-ROHAN,Rohan Mehta,Card
pay_00000000001296,11866.22,2026-08-24,RZP-01296-ISHA,Isha Nair,Netbanking
pay_00000000001297,7392.07,2026-08-25,RZP-01297-AARAV,Aarav Sharma,UPI
pay_00000000001298,12224.23,2026-08-26,RZP-01298-DIYA,Diya Patel,Card
pay_00000000001299,505.87,2026-08-27,RZP-01299-KABIR,Kabir Singh,Netbanking
pay_00000000001300,13181.49,2026-08-28,RZP-01300-ANANYA,Ananya Iyer,UPI
pay_00000000001301,9294.33,2026-08-29,RZP-01301-ROHAN,Rohan Mehta,Card
pay_00000000001302,1216.64,2026-08-30,RZP-01302-ISHA,Isha Nair,Netbanking
pay_00000000001303,3337.54,2026-08-31,RZP-01303-AARAV,Aarav Sharma,UPI
pay_00000000001304,5370.49,2026-09-01,RZP-01304-DIYA,Diya Patel,Card
pay_00000000001305,6449.49,2026-09-02,RZP-01305-KABIR,Kabir Singh,Netbanking
pay_00000000001306,14826.39,2026-08-05,RZP-01306-ANANYA,Ananya Iyer,UPI
pay_00000000001307,10701.58,2026-08-06,RZP-01307-ROHAN,Rohan Mehta,Card
pay_00000000001308,7299.82,2026-08-07,RZP-01308-ISHA,Isha Nair,Netbanking
pay_00000000001309,4557.29,2026-08-08,RZP-01309-AARAV,Aarav Sharma,UPI
pay_00000000001310,10837.69,2026-08-09,RZP-01310-DIYA,Diya Patel,Card
pay_00000000001311,13739.39,2026-08-10,RZP-01311-KABIR,Kabir Singh,Netbanking
pay_00000000001312,12788.04,2026-08-11,RZP-01312-ANANYA,Ananya Iyer,UPI
pay_00000000001313,2482.06,2026-08-12,RZP-01313-ROHAN,Rohan Mehta,Card
pay_00000000001314,14837.95,2026-08-13,RZP-01314-ISHA,Isha Nair,Netbanking
pay_00000000001315,588.4,2026-08-14,RZP-01315-AARAV,Aarav Sharma,UPI
pay_00000000001316,11061.94,2026-08-15,RZP-01316-DIYA,Diya Patel,Card
pay_00000000001317,14061.63,2026-08-16,RZP-01317-KABIR,Kabir Singh,Netbanking
pay_00000000001318,9800.24,2026-08-17,RZP-01318-ANANYA,Ananya Iyer,UPI
pay_00000000001319,12625.7,2026-08-18,RZP-01319-ROHAN,Rohan Mehta,Card
pay_00000000001320,4976.37,2026-08-19,RZP-01320-ISHA,Isha Nair,Netbanking
pay_00000000001321,13704.92,2026-08-20,RZP-01321-AARAV,Aarav Sharma,UPI
pay_00000000001322,10933.84,2026-08-21,RZP-01322-DIYA,Diya Patel,Card
pay_00000000001323,236.07,2026-08-22,RZP-01323-KABIR,Kabir Singh,Netbanking
pay_00000000001324,321.04,2026-08-23,RZP-01324-ANANYA,Ananya Iyer,UPI
pay_00000000001325,13538.49,2026-08-24,RZP-01325-ROHAN,Rohan Mehta,Card
pay_00000000001326,7798.7,2026-08-25,RZP-01326-ISHA,Isha Nair,Netbanking
pay_00000000001327,14058.97,2026-08-26,RZP-01327-AARAV,Aarav Sharma,UPI
pay_00000000001328,12068.22,2026-08-27,RZP-01328-DIYA,Diya Patel,Card
pay_00000000001329,6832.13,2026-08-28,RZP-01329-KABIR,Kabir Singh,Netbanking
pay_00000000001330,6978.55,2026-08-29,RZP-01330-ANANYA,Ananya Iyer,UPI
pay_00000000001331,11985.3,2026-08-30,RZP-01331-ROHAN,Rohan Mehta,Card
pay_00000000001332,13858.79,2026-08-31,RZP-01332-ISHA,Isha Nair,Netbanking
pay_00000000001333,14320.66,2026-09-01,RZP-01333-AARAV,Aarav Sharma,UPI
pay_00000000001334,5549.65,2026-09-02,RZP-01334-DIYA,Diya Patel,Card
pay_00000000001335,1335.68,2026-08-05,RZP-01335-KABIR,Kabir Singh,Netbanking
pay_00000000001336,7086.19,2026-08-06,RZP-01336-ANANYA,Ananya Iyer,UPI
pay_00000000001337,14939.02,2026-08-07,RZP-01337-ROHAN,Rohan Mehta,Card
pay_00000000001338,592.9,2026-08-08,RZP-01338-ISHA,Isha Nair,Netbanking
pay_00000000001339,4051.32,2026-08-09,RZP-01339-AARAV,Aarav Sharma,UPI
pay_00000000001340,1382.77,2026-08-10,RZP-01340-DIYA,Diya Patel,Card
pay_00000000001341,3264.23,2026-08-11,RZP-01341-KABIR,Kabir Singh,Netbanking
pay_00000000001342,10328.35,2026-08-12,RZP-01342-ANANYA,Ananya Iyer,UPI
pay_00000000001343,12745.46,2026-08-13,RZP-01343-ROHAN,Rohan Mehta,Card
pay_00000000001344,8409.73,2026-08-14,RZP-01344-ISHA,Isha Nair,Netbanking
pay_00000000001345,7497.12,2026-08-15,RZP-01345-AARAV,Aarav Sharma,UPI
pay_00000000001346,6672.57,2026-08-16,RZP-01346-DIYA,Diya Patel,Card
pay_00000000001347,14762.27,2026-08-17,RZP-01347-KABIR,Kabir Singh,Netbanking
pay_00000000001348,8521.27,2026-08-18,RZP-01348-ANANYA,Ananya Iyer,UPI
pay_00000000001349,4401.48,2026-08-19,RZP-01349-ROHAN,Rohan Mehta,Card
pay_00000000001350,2221.24,2026-08-20,RZP-01350-ISHA,Isha Nair,Netbanking
pay_00000000001351,11529.74,2026-08-21,RZP-01351-AARAV,Aarav Sharma,UPI
pay_00000000001352,9988.95,2026-08-22,RZP-01352-DIYA,Diya Patel,Card
pay_00000000001353,12311.64,2026-08-23,RZP-01353-KABIR,Kabir Singh,Netbanking
pay_00000000001354,3218.44,2026-08-24,RZP-01354-ANANYA,Ananya Iyer,UPI
pay_00000000001355,3744.94,2026-08-25,RZP-01355-ROHAN,Rohan Mehta,Card
pay_00000000001356,10709.28,2026-08-26,RZP-01356-ISHA,Isha Nair,Netbanking
pay_00000000001357,14059.8,2026-08-27,RZP-01357-AARAV,Aarav Sharma,UPI
pay_00000000001358,4846.67,2026-08-28,RZP-01358-DIYA,Diya Patel,Card
pay_00000000001359,7283.43,2026-08-29,RZP-01359-KABIR,Kabir Singh,Netbanking
pay_00000000001360,12304.24,2026-08-30,RZP-01360-ANANYA,Ananya Iyer,UPI
pay_00000000001361,5264.16,2026-08-31,RZP-01361-ROHAN,Rohan Mehta,Card
pay_00000000001362,9048.67,2026-09-01,RZP-01362-ISHA,Isha Nair,Netbanking
pay_00000000001363,5943.99,2026-09-02,RZP-01363-AARAV,Aarav Sharma,UPI
pay_00000000001364,7321.83,2026-08-05,RZP-01364-DIYA,Diya Patel,Card
pay_00000000001365,5437.81,2026-08-06,RZP-01365-KABIR,Kabir Singh,Netbanking
pay_00000000001366,1218.22,2026-08-07,RZP-01366-ANANYA,Ananya Iyer,UPI
pay_00000000001367,11651.44,2026-08-08,RZP-01367-ROHAN,Rohan Mehta,Card
pay_00000000001368,10242.03,2026-08-09,RZP-01368-ISHA,Isha Nair,Netbanking
pay_00000000001369,8402.07,2026-08-10,RZP-01369-AARAV,Aarav Sharma,UPI
pay_00000000001370,5460.72,2026-08-11,RZP-01370-DIYA,Diya Patel,Card
pay_00000000001371,5245.21,2026-08-12,RZP-01371-KABIR,Kabir Singh,Netbanking
pay_00000000001372,10759.41,2026-08-13,RZP-01372-ANANYA,Ananya Iyer,UPI
pay_00000000001373,3423.1,2026-08-14,RZP-01373-ROHAN,Rohan Mehta,Card
pay_00000000001374,1170.77,2026-08-15,RZP-01374-ISHA,Isha Nair,Netbanking
pay_00000000001375,11040.5,2026-08-16,RZP-01375-AARAV,Aarav Sharma,UPI
pay_00000000001376,7266.28,2026-08-17,RZP-01376-DIYA,Diya Patel,Card
pay_00000000001377,6235.0,2026-08-18,RZP-01377-KABIR,Kabir Singh,Netbanking
pay_00000000001378,2185.33,2026-08-19,RZP-01378-ANANYA,Ananya Iyer,UPI
pay_00000000001379,9033.29,2026-08-20,RZP-01379-ROHAN,Rohan Mehta,Card
pay_00000000001380,4608.72,2026-08-21,RZP-01380-ISHA,Isha Nair,Netbanking
pay_00000000001381,9757.08,2026-08-22,RZP-01381-AARAV,Aarav Sharma,UPI
pay_00000000001382,11404.41,2026-08-23,RZP-01382-DIYA,Diya Patel,Card
pay_00000000001383,6434.76,2026-08-24,RZP-01383-KABIR,Kabir Singh,Netbanking
pay_00000000001384,8690.48,2026-08-25,RZP-01384-ANANYA,Ananya Iyer,UPI
pay_00000000001385,4115.08,2026-08-26,RZP-01385-ROHAN,Rohan Mehta,Card
pay_00000000001386,5202.54,2026-08-27,RZP-01386-ISHA,Isha Nair,Netbanking
pay_00000000001387,787.11,2026-08-28,RZP-01387-AARAV,Aarav Sharma,UPI
pay_00000000001388,212.7,2026-08-29,RZP-01388-DIYA,Diya Patel,Card
pay_00000000001389,9652.65,2026-08-30,RZP-01389-KABIR,Kabir Singh,Netbanking
pay_00000000001390,7483.43,2026-08-31,RZP-01390-ANANYA,Ananya Iyer,UPI
pay_00000000001391,1059.29,2026-09-01,RZP-01391-ROHAN,Rohan Mehta,Card
pay_00000000001392,11263.34,2026-09-02,RZP-01392-ISHA,Isha Nair,Netbanking
pay_00000000001393,1939.99,2026-08-05,RZP-01393-AARAV,Aarav Sharma,UPI
pay_00000000001394,9574.87,2026-08-06,RZP-01394-DIYA,Diya Patel,Card
pay_00000000001395,9794.31,2026-08-07,RZP-01395-KABIR,Kabir Singh,Netbanking
pay_00000000001396,616.46,2026-08-08,RZP-01396-ANANYA,Ananya Iyer,UPI
pay_00000000001397,7469.85,2026-08-09,RZP-01397-ROHAN,Rohan Mehta,Card
pay_00000000001398,10076.92,2026-08-10,RZP-01398-ISHA,Isha Nair,Netbanking
pay_00000000001399,13299.49,2026-08-11,RZP-01399-AARAV,Aarav Sharma,UPI
pay_00000000001400,743.78,2026-08-12,RZP-01400-DIYA,Diya Patel,Card
pay_00000000001401,414.02,2026-08-13,RZP-01401-KABIR,Kabir Singh,Netbanking
pay_00000000001402,14611.75,2026-08-14,RZP-01402-ANANYA,Ananya Iyer,UPI
pay_00000000001403,1069.14,2026-08-15,RZP-01403-ROHAN,Rohan Mehta,Card
pay_00000000001404,1481.97,2026-08-16,RZP-01404-ISHA,Isha Nair,Netbanking
pay_00000000001405,13284.13,2026-08-17,RZP-01405-AARAV,Aarav Sharma,UPI
pay_00000000001406,4703.38,2026-08-18,RZP-01406-DIYA,Diya Patel,Card
pay_00000000001407,12932.36,2026-08-19,RZP-01407-KABIR,Kabir Singh,Netbanking
pay_00000000001408,6108.9,2026-08-20,RZP-01408-ANANYA,Ananya Iyer,UPI
pay_00000000001409,14889.77,2026-08-21,RZP-01409-ROHAN,Rohan Mehta,Card
pay_00000000001410,7824.46,2026-08-22,RZP-01410-ISHA,Isha Nair,Netbanking
pay_00000000001411,10200.3,2026-08-23,RZP-01411-AARAV,Aarav Sharma,UPI
pay_00000000001412,6430.45,2026-08-24,RZP-01412-DIYA,Diya Patel,Card
pay_00000000001413,1664.62,2026-08-25,RZP-01413-KABIR,Kabir Singh,Netbanking
pay_00000000001414,11471.27,2026-08-26,RZP-01414-ANANYA,Ananya Iyer,UPI
pay_00000000001415,13231.06,2026-08-27,RZP-01415-ROHAN,Rohan Mehta,Card
pay_00000000001416,12500.63,2026-08-28,RZP-01416-ISHA,Isha Nair,Netbanking
pay_00000000001417,14814.22,2026-08-29,RZP-01417-AARAV,Aarav Sharma,UPI
pay_00000000001418,9935.13,2026-08-30,RZP-01418-DIYA,Diya Patel,Card
pay_00000000001419,250.96,2026-08-31,RZP-01419-KABIR,Kabir Singh,Netbanking
pay_00000000001420,5938.97,2026-09-01,RZP-01420-ANANYA,Ananya Iyer,UPI
pay_00000000001421,2875.96,2026-09-02,RZP-01421-ROHAN,Rohan Mehta,Card
pay_00000000001422,8461.42,2026-08-05,RZP-01422-ISHA,Isha Nair,Netbanking
pay_00000000001423,2201.24,2026-08-06,RZP-01423-AARAV,Aarav Sharma,UPI
pay_00000000001424,13191.25,2026-08-07,RZP-01424-DIYA,Diya Patel,Card
pay_00000000001425,11229.62,2026-08-08,RZP-01425-KABIR,Kabir Singh,Netbanking
pay_00000000001426,9244.17,2026-08-09,RZP-01426-ANANYA,Ananya Iyer,UPI
pay_00000000001427,12127.72,2026-08-10,RZP-01427-ROHAN,Rohan Mehta,Card
pay_00000000001428,11427.82,2026-08-11,RZP-01428-ISHA,Isha Nair,Netbanking
pay_00000000001429,268.73,2026-08-12,RZP-01429-AARAV,Aarav Sharma,UPI
pay_00000000001430,11221.98,2026-08-13,RZP-01430-DIYA,Diya Patel,Card
pay_00000000001431,10247.29,2026-08-14,RZP-01431-KABIR,Kabir Singh,Netbanking
pay_00000000001432,6079.73,2026-08-15,RZP-01432-ANANYA,Ananya Iyer,UPI
pay_00000000001433,12642.78,2026-08-16,RZP-01433-ROHAN,Rohan Mehta,Card
pay_00000000001434,9621.84,2026-08-17,RZP-01434-ISHA,Isha Nair,Netbanking
pay_00000000001435,913.1,2026-08-18,RZP-01435-AARAV,Aarav Sharma,UPI
pay_00000000001436,1229.5,2026-08-19,RZP-01436-DIYA,Diya Patel,Card
pay_00000000001437,7287.75,2026-08-20,RZP-01437-KABIR,Kabir Singh,Netbanking
pay_00000000001438,8464.16,2026-08-21,RZP-01438-ANANYA,Ananya Iyer,UPI
pay_00000000001439,5476.37,2026-08-22,RZP-01439-ROHAN,Rohan Mehta,Card
pay_00000000001440,5464.39,2026-08-23,RZP-01440-ISHA,Isha Nair,Netbanking
pay_00000000001441,4598.64,2026-08-24,RZP-01441-AARAV,Aarav Sharma,UPI
pay_00000000001442,2254.04,2026-08-25,RZP-01442-DIYA,Diya Patel,Card
pay_00000000001443,13614.05,2026-08-26,RZP-01443-KABIR,Kabir Singh,Netbanking
pay_00000000001444,7429.56,2026-08-27,RZP-01444-ANANYA,Ananya Iyer,UPI
pay_00000000001445,9990.24,2026-08-28,RZP-01445-ROHAN,Rohan Mehta,Card
pay_00000000001446,10207.31,2026-08-29,RZP-01446-ISHA,Isha Nair,Netbanking
pay_00000000001447,14920.03,2026-08-30,RZP-01447-AARAV,Aarav Sharma,UPI
pay_00000000001448,2386.62,2026-08-31,RZP-01448-DIYA,Diya Patel,Card
pay_00000000001449,318.81,2026-09-01,RZP-01449-KABIR,Kabir Singh,Netbanking
pay_00000000001450,8842.48,2026-09-02,RZP-01450-ANANYA,Ananya Iyer,UPI
pay_00000000001451,13590.83,2026-08-05,RZP-01451-ROHAN,Rohan Mehta,Card
pay_00000000001452,10767.1,2026-08-06,RZP-01452-ISHA,Isha Nair,Netbanking
pay_00000000001453,11593.54,2026-08-07,RZP-01453-AARAV,Aarav Sharma,UPI
pay_00000000001454,11993.24,2026-08-08,RZP-01454-DIYA,Diya Patel,Card
pay_00000000001455,8114.67,2026-08-09,RZP-01455-KABIR,Kabir Singh,Netbanking
pay_00000000001456,7658.18,2026-08-10,RZP-01456-ANANYA,Ananya Iyer,UPI
pay_00000000001457,8704.48,2026-08-11,RZP-01457-ROHAN,Rohan Mehta,Card
pay_00000000001458,11329.23,2026-08-12,RZP-01458-ISHA,Isha Nair,Netbanking
pay_00000000001459,8981.09,2026-08-13,RZP-01459-AARAV,Aarav Sharma,UPI
pay_00000000001460,2280.06,2026-08-14,RZP-01460-DIYA,Diya Patel,Card
pay_00000000001461,3145.1,2026-08-15,RZP-01461-KABIR,Kabir Singh,Netbanking
pay_00000000001462,1888.25,2026-08-16,RZP-01462-ANANYA,Ananya Iyer,UPI
pay_00000000001463,2703.74,2026-08-17,RZP-01463-ROHAN,Rohan Mehta,Card
pay_00000000001464,4854.58,2026-08-18,RZP-01464-ISHA,Isha Nair,Netbanking
pay_00000000001465,3662.69,2026-08-19,RZP-01465-AARAV,Aarav Sharma,UPI
pay_00000000001466,3607.69,2026-08-20,RZP-01466-DIYA,Diya Patel,Card
pay_00000000001467,11959.35,2026-08-21,RZP-01467-KABIR,Kabir Singh,Netbanking
pay_00000000001468,10447.36,2026-08-22,RZP-01468-ANANYA,Ananya Iyer,UPI
pay_00000000001469,1405.92,2026-08-23,RZP-01469-ROHAN,Rohan Mehta,Card
pay_00000000001470,8294.32,2026-08-24,RZP-01470-ISHA,Isha Nair,Netbanking
pay_00000000001471,14313.09,2026-08-25,RZP-01471-AARAV,Aarav Sharma,UPI
pay_00000000001472,12335.23,2026-08-26,RZP-01472-DIYA,Diya Patel,Card
pay_00000000001473,13353.44,2026-08-27,RZP-01473-KABIR,Kabir Singh,Netbanking
pay_00000000001474,1965.14,2026-08-28,RZP-01474-ANANYA,Ananya Iyer,UPI
pay_00000000001475,8800.24,2026-08-29,RZP-01475-ROHAN,Rohan Mehta,Card
pay_00000000001476,6736.21,2026-08-30,RZP-01476-ISHA,Isha Nair,Netbanking
pay_00000000001477,14880.87,2026-08-31,RZP-01477-AARAV,Aarav Sharma,UPI
pay_00000000001478,11887.45,2026-09-01,RZP-01478-DIYA,Diya Patel,Card
pay_00000000001479,761.1,2026-09-02,RZP-01479-KABIR,Kabir Singh,Netbanking
pay_00000000001480,2931.56,2026-08-05,RZP-01480-ANANYA,Ananya Iyer,UPI
pay_00000000001481,13248.0,2026-08-06,RZP-01481-ROHAN,Rohan Mehta,Card
pay_00000000001482,636.79,2026-08-07,RZP-01482-ISHA,Isha Nair,Netbanking
pay_00000000001483,6988.52,2026-08-08,RZP-01483-AARAV,Aarav Sharma,UPI
pay_00000000001484,3725.49,2026-08-09,RZP-01484-DIYA,Diya Patel,Card
pay_00000000001485,11467.98,2026-08-10,RZP-01485-KABIR,Kabir Singh,Netbanking
pay_00000000001486,12190.14,2026-08-11,RZP-01486-ANANYA,Ananya Iyer,UPI
pay_00000000001487,12255.72,2026-08-12,RZP-01487-ROHAN,Rohan Mehta,Card
pay_00000000001488,13758.65,2026-08-13,RZP-01488-ISHA,Isha Nair,Netbanking
pay_00000000001489,12965.75,2026-08-14,RZP-01489-AARAV,Aarav Sharma,UPI
pay_00000000001490,4331.09,2026-08-15,RZP-01490-DIYA,Diya Patel,Card
pay_00000000001491,14705.81,2026-08-16,RZP-01491-KABIR,Kabir Singh,Netbanking
pay_00000000001492,1653.4,2026-08-17,RZP-01492-ANANYA,Ananya Iyer,UPI
pay_00000000001493,9447.16,2026-08-18,RZP-01493-ROHAN,Rohan Mehta,Card
pay_00000000001494,13614.17,2026-08-19,RZP-01494-ISHA,Isha Nair,Netbanking
pay_00000000001495,12506.57,2026-08-20,RZP-01495-AARAV,Aarav Sharma,UPI
pay_00000000001496,2310.19,2026-08-21,RZP-01496-DIYA,Diya Patel,Card
pay_00000000001497,9219.79,2026-08-22,RZP-01497-KABIR,Kabir Singh,Netbanking
pay_00000000001498,2803.71,2026-08-23,RZP-01498-ANANYA,Ananya Iyer,UPI
pay_00000000001499,4787.47,2026-08-24,RZP-01499-ROHAN,Rohan Mehta,Card
pay_00000000001500,11931.48,2026-08-25,RZP-01500-ISHA,Isha Nair,Netbanking
pay_00000000001501,6781.49,2026-08-26,RZP-01501-AARAV,Aarav Sharma,UPI
pay_00000000001502,1211.14,2026-08-27,RZP-01502-DIYA,Diya Patel,Card
pay_00000000001503,5541.35,2026-08-28,RZP-01503-KABIR,Kabir Singh,Netbanking
pay_00000000001504,11122.32,2026-08-29,RZP-01504-ANANYA,Ananya Iyer,UPI
pay_00000000001505,2103.65,2026-08-30,RZP-01505-ROHAN,Rohan Mehta,Card
pay_00000000001506,14500.96,2026-08-31,RZP-01506-ISHA,Isha Nair,Netbanking
pay_00000000001507,12631.26,2026-09-01,RZP-01507-AARAV,Aarav Sharma,UPI
pay_00000000001508,7985.46,2026-09-02,RZP-01508-DIYA,Diya Patel,Card
pay_00000000001509,5666.9,2026-08-05,RZP-01509-KABIR,Kabir Singh,Netbanking
pay_00000000001510,12231.43,2026-08-06,RZP-01510-ANANYA,Ananya Iyer,UPI
pay_00000000001511,4447.49,2026-08-07,RZP-01511-ROHAN,Rohan Mehta,Card
pay_00000000001512,12299.56,2026-08-08,RZP-01512-ISHA,Isha Nair,Netbanking
pay_00000000001513,6067.48,2026-08-09,RZP-01513-AARAV,Aarav Sharma,UPI
pay_00000000001514,9720.1,2026-08-10,RZP-01514-DIYA,Diya Patel,Card
pay_00000000001515,14885.25,2026-08-11,RZP-01515-KABIR,Kabir Singh,Netbanking
pay_00000000001516,261.68,2026-08-12,RZP-01516-ANANYA,Ananya Iyer,UPI
pay_00000000001517,1548.57,2026-08-13,RZP-01517-ROHAN,Rohan Mehta,Card
pay_00000000001518,14168.09,2026-08-14,RZP-01518-ISHA,Isha Nair,Netbanking
pay_00000000001519,9143.0,2026-08-15,RZP-01519-AARAV,Aarav Sharma,UPI
pay_00000000001520,3031.71,2026-08-16,RZP-01520-DIYA,Diya Patel,Card
pay_00000000001521,6314.53,2026-08-17,RZP-01521-KABIR,Kabir Singh,Netbanking
pay_00000000001522,2809.48,2026-08-18,RZP-01522-ANANYA,Ananya Iyer,UPI
pay_00000000001523,5338.67,2026-08-19,RZP-01523-ROHAN,Rohan Mehta,Card
pay_00000000001524,509.89,2026-08-20,RZP-01524-ISHA,Isha Nair,Netbanking
pay_00000000001525,3267.95,2026-08-21,RZP-01525-AARAV,Aarav Sharma,UPI
pay_00000000001526,11441.37,2026-08-22,RZP-01526-DIYA,Diya Patel,Card
pay_00000000001527,8612.72,2026-08-23,RZP-01527-KABIR,Kabir Singh,Netbanking
pay_00000000001528,1921.33,2026-08-24,RZP-01528-ANANYA,Ananya Iyer,UPI
pay_00000000001529,8219.72,2026-08-25,RZP-01529-ROHAN,Rohan Mehta,Card
pay_00000000001530,1774.15,2026-08-26,RZP-01530-ISHA,Isha Nair,Netbanking
pay_00000000001531,3653.07,2026-08-27,RZP-01531-AARAV,Aarav Sharma,UPI
pay_00000000001532,2796.58,2026-08-28,RZP-01532-DIYA,Diya Patel,Card
pay_00000000001533,1733.38,2026-08-29,RZP-01533-KABIR,Kabir Singh,Netbanking
pay_00000000001534,244.99,2026-08-30,RZP-01534-ANANYA,Ananya Iyer,UPI
pay_00000000001535,3929.04,2026-08-31,RZP-01535-ROHAN,Rohan Mehta,Card
pay_00000000001536,5675.28,2026-09-01,RZP-01536-ISHA,Isha Nair,Netbanking
pay_00000000001537,11643.86,2026-09-02,RZP-01537-AARAV,Aarav Sharma,UPI
pay_00000000001538,14389.87,2026-08-05,RZP-01538-DIYA,Diya Patel,Card
pay_00000000001539,13848.97,2026-08-06,RZP-01539-KABIR,Kabir Singh,Netbanking
pay_00000000001540,4278.2,2026-08-07,RZP-01540-ANANYA,Ananya Iyer,UPI
pay_00000000001541,13200.37,2026-08-08,RZP-01541-ROHAN,Rohan Mehta,Card
pay_00000000001542,12180.32,2026-08-09,RZP-01542-ISHA,Isha Nair,Netbanking
pay_00000000001543,2628.14,2026-08-10,RZP-01543-AARAV,Aarav Sharma,UPI
pay_00000000001544,11549.84,2026-08-11,RZP-01544-DIYA,Diya Patel,Card
pay_00000000001545,2072.6,2026-08-12,RZP-01545-KABIR,Kabir Singh,Netbanking
pay_00000000001546,4631.7,2026-08-13,RZP-01546-ANANYA,Ananya Iyer,UPI
pay_00000000001547,2389.8,2026-08-14,RZP-01547-ROHAN,Rohan Mehta,Card
pay_00000000001548,9934.95,2026-08-15,RZP-01548-ISHA,Isha Nair,Netbanking
pay_00000000001549,1295.12,2026-08-16,RZP-01549-AARAV,Aarav Sharma,UPI
pay_00000000001550,12782.82,2026-08-17,RZP-01550-DIYA,Diya Patel,Card
pay_00000000001551,7366.0,2026-08-18,RZP-01551-KABIR,Kabir Singh,Netbanking
pay_00000000001552,9123.83,2026-08-19,RZP-01552-ANANYA,Ananya Iyer,UPI
pay_00000000001553,1900.82,2026-08-20,RZP-01553-ROHAN,Rohan Mehta,Card
pay_00000000001554,8363.13,2026-08-21,RZP-01554-ISHA,Isha Nair,Netbanking
pay_00000000001555,14990.27,2026-08-22,RZP-01555-AARAV,Aarav Sharma,UPI
pay_00000000001556,6200.72,2026-08-23,RZP-01556-DIYA,Diya Patel,Card
pay_00000000001557,1649.56,2026-08-24,RZP-01557-KABIR,Kabir Singh,Netbanking
pay_00000000001558,11952.95,2026-08-25,RZP-01558-ANANYA,Ananya Iyer,UPI
pay_00000000001559,1924.26,2026-08-26,RZP-01559-ROHAN,Rohan Mehta,Card
pay_00000000001560,5695.55,2026-08-27,RZP-01560-ISHA,Isha Nair,Netbanking
pay_00000000001561,2134.09,2026-08-28,RZP-01561-AARAV,Aarav Sharma,UPI
pay_00000000001562,8411.16,2026-08-29,RZP-01562-DIYA,Diya Patel,Card
pay_00000000001563,14918.74,2026-08-30,RZP-01563-KABIR,Kabir Singh,Netbanking
pay_00000000001564,9338.55,2026-08-31,RZP-01564-ANANYA,Ananya Iyer,UPI
pay_00000000001565,8772.98,2026-09-01,RZP-01565-ROHAN,Rohan Mehta,Card
pay_00000000001566,7438.88,2026-09-02,RZP-01566-ISHA,Isha Nair,Netbanking
pay_00000000001567,12573.95,2026-08-05,RZP-01567-AARAV,Aarav Sharma,UPI
pay_00000000001568,6359.7,2026-08-06,RZP-01568-DIYA,Diya Patel,Card
pay_00000000001569,6805.49,2026-08-07,RZP-01569-KABIR,Kabir Singh,Netbanking
pay_00000000001570,6061.44,2026-08-08,RZP-01570-ANANYA,Ananya Iyer,UPI
pay_00000000001571,13417.51,2026-08-09,RZP-01571-ROHAN,Rohan Mehta,Card
pay_00000000001572,181.53,2026-08-10,RZP-01572-ISHA,Isha Nair,Netbanking
pay_00000000001573,10007.59,2026-08-11,RZP-01573-AARAV,Aarav Sharma,UPI
pay_00000000001574,10235.92,2026-08-12,RZP-01574-DIYA,Diya Patel,Card
pay_00000000001575,748.29,2026-08-13,RZP-01575-KABIR,Kabir Singh,Netbanking
pay_00000000001576,10508.09,2026-08-14,RZP-01576-ANANYA,Ananya Iyer,UPI
pay_00000000001577,12710.55,2026-08-15,RZP-01577-ROHAN,Rohan Mehta,Card
pay_00000000001578,3172.25,2026-08-16,RZP-01578-ISHA,Isha Nair,Netbanking
pay_00000000001579,12137.47,2026-08-17,RZP-01579-AARAV,Aarav Sharma,UPI
pay_00000000001580,10363.66,2026-08-18,RZP-01580-DIYA,Diya Patel,Card
pay_00000000001581,5305.67,2026-08-19,RZP-01581-KABIR,Kabir Singh,Netbanking
pay_00000000001582,6020.88,2026-08-20,RZP-01582-ANANYA,Ananya Iyer,UPI
pay_00000000001583,452.64,2026-08-21,RZP-01583-ROHAN,Rohan Mehta,Card
pay_00000000001584,12402.64,2026-08-22,RZP-01584-ISHA,Isha Nair,Netbanking
pay_00000000001585,11753.48,2026-08-23,RZP-01585-AARAV,Aarav Sharma,UPI
pay_00000000001586,10198.22,2026-08-24,RZP-01586-DIYA,Diya Patel,Card
pay_00000000001587,12517.13,2026-08-25,RZP-01587-KABIR,Kabir Singh,Netbanking
pay_00000000001588,6915.67,2026-08-26,RZP-01588-ANANYA,Ananya Iyer,UPI
pay_00000000001589,7148.99,2026-08-27,RZP-01589-ROHAN,Rohan Mehta,Card
pay_00000000001590,11486.8,2026-08-28,RZP-01590-ISHA,Isha Nair,Netbanking
pay_00000000001591,296.39,2026-08-29,RZP-01591-AARAV,Aarav Sharma,UPI
pay_00000000001592,13383.27,2026-08-30,RZP-01592-DIYA,Diya Patel,Card
pay_00000000001593,12967.3,2026-08-31,RZP-01593-KABIR,Kabir Singh,Netbanking
pay_00000000001594,14031.61,2026-09-01,RZP-01594-ANANYA,Ananya Iyer,UPI
pay_00000000001595,5694.99,2026-09-02,RZP-01595-ROHAN,Rohan Mehta,Card
pay_00000000001596,9614.27,2026-08-05,RZP-01596-ISHA,Isha Nair,Netbanking
pay_00000000001597,11065.25,2026-08-06,RZP-01597-AARAV,Aarav Sharma,UPI
pay_00000000001598,5996.14,2026-08-07,RZP-01598-DIYA,Diya Patel,Card
pay_00000000001599,384.71,2026-08-08,RZP-01599-KABIR,Kabir Singh,Netbanking
pay_00000000001600,560.46,2026-08-09,RZP-01600-ANANYA,Ananya Iyer,UPI
pay_00000000001601,266.75,2026-08-10,RZP-01601-ROHAN,Rohan Mehta,Card
pay_00000000001602,13003.65,2026-08-11,RZP-01602-ISHA,Isha Nair,Netbanking
pay_00000000001603,9147.88,2026-08-12,RZP-01603-AARAV,Aarav Sharma,UPI
pay_00000000001604,2089.21,2026-08-13,RZP-01604-DIYA,Diya Patel,Card
pay_00000000001605,4754.52,2026-08-14,RZP-01605-KABIR,Kabir Singh,Netbanking
pay_00000000001606,2825.06,2026-08-15,RZP-01606-ANANYA,Ananya Iyer,UPI
pay_00000000001607,14191.54,2026-08-16,RZP-01607-ROHAN,Rohan Mehta,Card
pay_00000000001608,5099.77,2026-08-17,RZP-01608-ISHA,Isha Nair,Netbanking
pay_00000000001609,13855.42,2026-08-18,RZP-01609-AARAV,Aarav Sharma,UPI
pay_00000000001610,11743.31,2026-08-19,RZP-01610-DIYA,Diya Patel,Card
pay_00000000001611,11295.16,2026-08-20,RZP-01611-KABIR,Kabir Singh,Netbanking
pay_00000000001612,11990.1,2026-08-21,RZP-01612-ANANYA,Ananya Iyer,UPI
pay_00000000001613,5751.71,2026-08-22,RZP-01613-ROHAN,Rohan Mehta,Card
pay_00000000001614,1482.84,2026-08-23,RZP-01614-ISHA,Isha Nair,Netbanking
pay_00000000001615,1865.81,2026-08-24,RZP-01615-AARAV,Aarav Sharma,UPI
pay_00000000001616,3944.73,2026-08-25,RZP-01616-DIYA,Diya Patel,Card
pay_00000000001617,13264.07,2026-08-26,RZP-01617-KABIR,Kabir Singh,Netbanking
pay_00000000001618,10228.83,2026-08-27,RZP-01618-ANANYA,Ananya Iyer,UPI
pay_00000000001619,3299.14,2026-08-28,RZP-01619-ROHAN,Rohan Mehta,Card
pay_00000000001620,1040.39,2026-08-29,RZP-01620-ISHA,Isha Nair,Netbanking
pay_00000000001621,9012.32,2026-08-30,RZP-01621-AARAV,Aarav Sharma,UPI
pay_00000000001622,2954.19,2026-08-31,RZP-01622-DIYA,Diya Patel,Card
pay_00000000001623,5029.3,2026-09-01,RZP-01623-KABIR,Kabir Singh,Netbanking
pay_00000000001624,4528.29,2026-09-02,RZP-01624-ANANYA,Ananya Iyer,UPI
pay_00000000001625,7640.14,2026-08-05,RZP-01625-ROHAN,Rohan Mehta,Card
pay_00000000001626,503.94,2026-08-06,RZP-01626-ISHA,Isha Nair,Netbanking
pay_00000000001627,6477.64,2026-08-07,RZP-01627-AARAV,Aarav Sharma,UPI
pay_00000000001628,14409.7,2026-08-08,RZP-01628-DIYA,Diya Patel,Card
pay_00000000001629,13440.34,2026-08-09,RZP-01629-KABIR,Kabir Singh,Netbanking
pay_00000000001630,711.5,2026-08-10,RZP-01630-ANANYA,Ananya Iyer,UPI
pay_00000000001631,820.51,2026-08-11,RZP-01631-ROHAN,Rohan Mehta,Card
pay_00000000001632,13339.42,2026-08-12,RZP-01632-ISHA,Isha Nair,Netbanking
pay_00000000001633,13964.88,2026-08-13,RZP-01633-AARAV,Aarav Sharma,UPI
pay_00000000001634,7655.29,2026-08-14,RZP-01634-DIYA,Diya Patel,Card
pay_00000000001635,3478.68,2026-08-15,RZP-01635-KABIR,Kabir Singh,Netbanking
pay_00000000001636,5621.42,2026-08-16,RZP-01636-ANANYA,Ananya Iyer,UPI
pay_00000000001637,11529.15,2026-08-17,RZP-01637-ROHAN,Rohan Mehta,Card
pay_00000000001638,1907.98,2026-08-18,RZP-01638-ISHA,Isha Nair,Netbanking
pay_00000000001639,6956.83,2026-08-19,RZP-01639-AARAV,Aarav Sharma,UPI
pay_00000000001640,184.97,2026-08-20,RZP-01640-DIYA,Diya Patel,Card
pay_00000000001641,11300.48,2026-08-21,RZP-01641-KABIR,Kabir Singh,Netbanking
pay_00000000001642,5847.59,2026-08-22,RZP-01642-ANANYA,Ananya Iyer,UPI
pay_00000000001643,4700.45,2026-08-23,RZP-01643-ROHAN,Rohan Mehta,Card
pay_00000000001644,6770.9,2026-08-24,RZP-01644-ISHA,Isha Nair,Netbanking
pay_00000000001645,11858.41,2026-08-25,RZP-01645-AARAV,Aarav Sharma,UPI
pay_00000000001646,8265.45,2026-08-26,RZP-01646-DIYA,Diya Patel,Card
pay_00000000001647,7564.2,2026-08-27,RZP-01647-KABIR,Kabir Singh,Netbanking
pay_00000000001648,7652.41,2026-08-28,RZP-01648-ANANYA,Ananya Iyer,UPI
pay_00000000001649,14606.04,2026-08-29,RZP-01649-ROHAN,Rohan Mehta,Card
pay_00000000001650,4723.26,2026-08-30,RZP-01650-ISHA,Isha Nair,Netbanking
pay_00000000001651,5736.83,2026-08-31,RZP-01651-AARAV,Aarav Sharma,UPI
pay_00000000001652,6872.31,2026-09-01,RZP-01652-DIYA,Diya Patel,Card
pay_00000000001653,5331.07,2026-09-02,RZP-01653-KABIR,Kabir Singh,Netbanking
pay_00000000001654,5026.14,2026-08-05,RZP-01654-ANANYA,Ananya Iyer,UPI
pay_00000000001655,13093.88,2026-08-06,RZP-01655-ROHAN,Rohan Mehta,Card
pay_00000000001656,768.36,2026-08-07,RZP-01656-ISHA,Isha Nair,Netbanking
pay_00000000001657,11213.38,2026-08-08,RZP-01657-AARAV,Aarav Sharma,UPI
pay_00000000001658,8378.63,2026-08-09,RZP-01658-DIYA,Diya Patel,Card
pay_00000000001659,3390.46,2026-08-10,RZP-01659-KABIR,Kabir Singh,Netbanking
pay_00000000001660,6207.49,2026-08-11,RZP-01660-ANANYA,Ananya Iyer,UPI
pay_00000000001661,434.33,2026-08-12,RZP-01661-ROHAN,Rohan Mehta,Card
pay_00000000001662,6721.78,2026-08-13,RZP-01662-ISHA,Isha Nair,Netbanking
pay_00000000001663,13424.23,2026-08-14,RZP-01663-AARAV,Aarav Sharma,UPI
pay_00000000001664,1255.8,2026-08-15,RZP-01664-DIYA,Diya Patel,Card
pay_00000000001665,14529.9,2026-08-16,RZP-01665-KABIR,Kabir Singh,Netbanking
pay_00000000001666,8727.15,2026-08-17,RZP-01666-ANANYA,Ananya Iyer,UPI
pay_00000000001667,11542.75,2026-08-18,RZP-01667-ROHAN,Rohan Mehta,Card
pay_00000000001668,2262.71,2026-08-19,RZP-01668-ISHA,Isha Nair,Netbanking
pay_00000000001669,571.65,2026-08-20,RZP-01669-AARAV,Aarav Sharma,UPI
pay_00000000001670,8586.0,2026-08-21,RZP-01670-DIYA,Diya Patel,Card
pay_00000000001671,9552.51,2026-08-22,RZP-01671-KABIR,Kabir Singh,Netbanking
pay_00000000001672,10573.14,2026-08-23,RZP-01672-ANANYA,Ananya Iyer,UPI
pay_00000000001673,6393.94,2026-08-24,RZP-01673-ROHAN,Rohan Mehta,Card
pay_00000000001674,8278.84,2026-08-25,RZP-01674-ISHA,Isha Nair,Netbanking
pay_00000000001675,9854.68,2026-08-26,RZP-01675-AARAV,Aarav Sharma,UPI
pay_00000000001676,6663.01,2026-08-27,RZP-01676-DIYA,Diya Patel,Card
pay_00000000001677,8476.88,2026-08-28,RZP-01677-KABIR,Kabir Singh,Netbanking
pay_00000000001678,13439.95,2026-08-29,RZP-01678-ANANYA,Ananya Iyer,UPI
pay_00000000001679,9959.63,2026-08-30,RZP-01679-ROHAN,Rohan Mehta,Card
pay_00000000001680,9740.7,2026-08-31,RZP-01680-ISHA,Isha Nair,Netbanking
pay_00000000001681,13199.36,2026-09-01,RZP-01681-AARAV,Aarav Sharma,UPI
pay_00000000001682,10840.07,2026-09-02,RZP-01682-DIYA,Diya Patel,Card
pay_00000000001683,2199.17,2026-08-05,RZP-01683-KABIR,Kabir Singh,Netbanking
pay_00000000001684,5359.6,2026-08-06,RZP-01684-ANANYA,Ananya Iyer,UPI
pay_00000000001685,4721.29,2026-08-07,RZP-01685-ROHAN,Rohan Mehta,Card
pay_00000000001686,3236.49,2026-08-08,RZP-01686-ISHA,Isha Nair,Netbanking
pay_00000000001687,12783.57,2026-08-09,RZP-01687-AARAV,Aarav Sharma,UPI
pay_00000000001688,12488.36,2026-08-10,RZP-01688-DIYA,Diya Patel,Card
pay_00000000001689,4927.65,2026-08-11,RZP-01689-KABIR,Kabir Singh,Netbanking
pay_00000000001690,12641.18,2026-08-12,RZP-01690-ANANYA,Ananya Iyer,UPI
pay_00000000001691,13093.06,2026-08-13,RZP-01691-ROHAN,Rohan Mehta,Card
pay_00000000001692,4885.32,2026-08-14,RZP-01692-ISHA,Isha Nair,Netbanking
pay_00000000001693,14252.59,2026-08-15,RZP-01693-AARAV,Aarav Sharma,UPI
pay_00000000001694,2669.56,2026-08-16,RZP-01694-DIYA,Diya Patel,Card
pay_00000000001695,12356.4,2026-08-17,RZP-01695-KABIR,Kabir Singh,Netbanking
pay_00000000001696,1773.44,2026-08-18,RZP-01696-ANANYA,Ananya Iyer,UPI
pay_00000000001697,6146.58,2026-08-19,RZP-01697-ROHAN,Rohan Mehta,Card
pay_00000000001698,1674.26,2026-08-20,RZP-01698-ISHA,Isha Nair,Netbanking
pay_00000000001699,5648.62,2026-08-21,RZP-01699-AARAV,Aarav Sharma,UPI
pay_00000000001700,11537.46,2026-08-22,RZP-01700-DIYA,Diya Patel,Card
pay_00000000001701,12181.11,2026-08-23,RZP-01701-KABIR,Kabir Singh,Netbanking
pay_00000000001702,12232.59,2026-08-24,RZP-01702-ANANYA,Ananya Iyer,UPI
pay_00000000001703,6704.13,2026-08-25,RZP-01703-ROHAN,Rohan Mehta,Card
pay_00000000001704,4778.67,2026-08-26,RZP-01704-ISHA,Isha Nair,Netbanking
pay_00000000001705,14812.69,2026-08-27,RZP-01705-AARAV,Aarav Sharma,UPI
pay_00000000001706,9979.12,2026-08-28,RZP-01706-DIYA,Diya Patel,Card
pay_00000000001707,9549.15,2026-08-29,RZP-01707-KABIR,Kabir Singh,Netbanking
pay_00000000001708,9730.78,2026-08-30,RZP-01708-ANANYA,Ananya Iyer,UPI
pay_00000000001709,5077.38,2026-08-31,RZP-01709-ROHAN,Rohan Mehta,Card
pay_00000000001710,955.3,2026-09-01,RZP-01710-ISHA,Isha Nair,Netbanking
pay_00000000001711,11109.68,2026-09-02,RZP-01711-AARAV,Aarav Sharma,UPI
pay_00000000001712,4428.15,2026-08-05,RZP-01712-DIYA,Diya Patel,Card
pay_00000000001713,5230.87,2026-08-06,RZP-01713-KABIR,Kabir Singh,Netbanking
pay_00000000001714,1205.18,2026-08-07,RZP-01714-ANANYA,Ananya Iyer,UPI
pay_00000000001715,3941.01,2026-08-08,RZP-01715-ROHAN,Rohan Mehta,Card
pay_00000000001716,13021.11,2026-08-09,RZP-01716-ISHA,Isha Nair,Netbanking
pay_00000000001717,13283.16,2026-08-10,RZP-01717-AARAV,Aarav Sharma,UPI
pay_00000000001718,3311.43,2026-08-11,RZP-01718-DIYA,Diya Patel,Card
pay_00000000001719,1927.67,2026-08-12,RZP-01719-KABIR,Kabir Singh,Netbanking
pay_00000000001720,7190.39,2026-08-13,RZP-01720-ANANYA,Ananya Iyer,UPI
pay_00000000001721,8243.81,2026-08-14,RZP-01721-ROHAN,Rohan Mehta,Card
pay_00000000001722,11042.95,2026-08-15,RZP-01722-ISHA,Isha Nair,Netbanking
pay_00000000001723,11475.77,2026-08-16,RZP-01723-AARAV,Aarav Sharma,UPI
pay_00000000001724,10168.56,2026-08-17,RZP-01724-DIYA,Diya Patel,Card
pay_00000000001725,6689.97,2026-08-18,RZP-01725-KABIR,Kabir Singh,Netbanking
pay_00000000001726,13510.21,2026-08-19,RZP-01726-ANANYA,Ananya Iyer,UPI
pay_00000000001727,14049.7,2026-08-20,RZP-01727-ROHAN,Rohan Mehta,Card
pay_00000000001728,1404.38,2026-08-21,RZP-01728-ISHA,Isha Nair,Netbanking
pay_00000000001729,12675.79,2026-08-22,RZP-01729-AARAV,Aarav Sharma,UPI
pay_00000000001730,7077.98,2026-08-23,RZP-01730-DIYA,Diya Patel,Card
pay_00000000001731,7697.61,2026-08-24,RZP-01731-KABIR,Kabir Singh,Netbanking
pay_00000000001732,12226.55,2026-08-25,RZP-01732-ANANYA,Ananya Iyer,UPI
pay_00000000001733,7430.74,2026-08-26,RZP-01733-ROHAN,Rohan Mehta,Card
pay_00000000001734,10449.48,2026-08-27,RZP-01734-ISHA,Isha Nair,Netbanking
pay_00000000001735,7914.49,2026-08-28,RZP-01735-AARAV,Aarav Sharma,UPI
pay_00000000001736,7815.08,2026-08-29,RZP-01736-DIYA,Diya Patel,Card
pay_00000000001737,11761.44,2026-08-30,RZP-01737-KABIR,Kabir Singh,Netbanking
pay_00000000001738,11322.57,2026-08-31,RZP-01738-ANANYA,Ananya Iyer,UPI
pay_00000000001739,5399.66,2026-09-01,RZP-01739-ROHAN,Rohan Mehta,Card
pay_00000000001740,7071.59,2026-09-02,RZP-01740-ISHA,Isha Nair,Netbanking
pay_00000000001741,4806.12,2026-08-05,RZP-01741-AARAV,Aarav Sharma,UPI
pay_00000000001742,13674.05,2026-08-06,RZP-01742-DIYA,Diya Patel,Card
pay_00000000001743,13629.74,2026-08-07,RZP-01743-KABIR,Kabir Singh,Netbanking
pay_00000000001744,13480.06,2026-08-08,RZP-01744-ANANYA,Ananya Iyer,UPI
pay_00000000001745,3639.22,2026-08-09,RZP-01745-ROHAN,Rohan Mehta,Card
pay_00000000001746,4747.46,2026-08-10,RZP-01746-ISHA,Isha Nair,Netbanking
pay_00000000001747,5297.59,2026-08-11,RZP-01747-AARAV,Aarav Sharma,UPI
pay_00000000001748,6301.48,2026-08-12,RZP-01748-DIYA,Diya Patel,Card
pay_00000000001749,12404.02,2026-08-13,RZP-01749-KABIR,Kabir Singh,Netbanking
pay_00000000001750,12159.95,2026-08-14,RZP-01750-ANANYA,Ananya Iyer,UPI
pay_00000000001751,11928.97,2026-08-15,RZP-01751-ROHAN,Rohan Mehta,Card
pay_00000000001752,414.27,2026-08-16,RZP-01752-ISHA,Isha Nair,Netbanking
pay_00000000001753,6043.32,2026-08-17,RZP-01753-AARAV,Aarav Sharma,UPI
pay_00000000001754,14637.98,2026-08-18,RZP-01754-DIYA,Diya Patel,Card
pay_00000000001755,3262.2,2026-08-19,RZP-01755-KABIR,Kabir Singh,Netbanking
pay_00000000001756,13471.94,2026-08-20,RZP-01756-ANANYA,Ananya Iyer,UPI
pay_00000000001757,9537.09,2026-08-21,RZP-01757-ROHAN,Rohan Mehta,Card
pay_00000000001758,12029.02,2026-08-22,RZP-01758-ISHA,Isha Nair,Netbanking
pay_00000000001759,13897.23,2026-08-23,RZP-01759-AARAV,Aarav Sharma,UPI
pay_00000000001760,2375.13,2026-08-24,RZP-01760-DIYA,Diya Patel,Card
pay_00000000001761,1107.66,2026-08-25,RZP-01761-KABIR,Kabir Singh,Netbanking
pay_00000000001762,9714.42,2026-08-26,RZP-01762-ANANYA,Ananya Iyer,UPI
pay_00000000001763,4448.76,2026-08-27,RZP-01763-ROHAN,Rohan Mehta,Card
pay_00000000001764,7193.21,2026-08-28,RZP-01764-ISHA,Isha Nair,Netbanking
pay_00000000001765,6332.37,2026-08-29,RZP-01765-AARAV,Aarav Sharma,UPI
pay_00000000001766,9913.55,2026-08-30,RZP-01766-DIYA,Diya Patel,Card
pay_00000000001767,12082.41,2026-08-31,RZP-01767-KABIR,Kabir Singh,Netbanking
pay_00000000001768,6162.87,2026-09-01,RZP-01768-ANANYA,Ananya Iyer,UPI
pay_00000000001769,8804.3,2026-09-02,RZP-01769-ROHAN,Rohan Mehta,Card
pay_00000000001770,12634.8,2026-08-05,RZP-01770-ISHA,Isha Nair,Netbanking
pay_00000000001771,2664.64,2026-08-06,RZP-01771-AARAV,Aarav Sharma,UPI
pay_00000000001772,12368.24,2026-08-07,RZP-01772-DIYA,Diya Patel,Card
pay_00000000001773,2000.59,2026-08-08,RZP-01773-KABIR,Kabir Singh,Netbanking
pay_00000000001774,11915.35,2026-08-09,RZP-01774-ANANYA,Ananya Iyer,UPI
pay_00000000001775,9712.21,2026-08-10,RZP-01775-ROHAN,Rohan Mehta,Card
pay_00000000001776,14594.25,2026-08-11,RZP-01776-ISHA,Isha Nair,Netbanking
pay_00000000001777,11294.4,2026-08-12,RZP-01777-AARAV,Aarav Sharma,UPI
pay_00000000001778,10138.11,2026-08-13,RZP-01778-DIYA,Diya Patel,Card
pay_00000000001779,6225.37,2026-08-14,RZP-01779-KABIR,Kabir Singh,Netbanking
pay_00000000001780,13069.64,2026-08-15,RZP-01780-ANANYA,Ananya Iyer,UPI
pay_00000000001781,5625.35,2026-08-16,RZP-01781-ROHAN,Rohan Mehta,Card
pay_00000000001782,9786.6,2026-08-17,RZP-01782-ISHA,Isha Nair,Netbanking
pay_00000000001783,6206.6,2026-08-18,RZP-01783-AARAV,Aarav Sharma,UPI
pay_00000000001784,3033.56,2026-08-19,RZP-01784-DIYA,Diya Patel,Card
pay_00000000001785,10989.72,2026-08-20,RZP-01785-KABIR,Kabir Singh,Netbanking
pay_00000000001786,7076.94,2026-08-21,RZP-01786-ANANYA,Ananya Iyer,UPI
pay_00000000001787,1284.87,2026-08-22,RZP-01787-ROHAN,Rohan Mehta,Card
pay_00000000001788,6366.45,2026-08-23,RZP-01788-ISHA,Isha Nair,Netbanking
pay_00000000001789,1995.44,2026-08-24,RZP-01789-AARAV,Aarav Sharma,UPI
pay_00000000001790,9648.93,2026-08-25,RZP-01790-DIYA,Diya Patel,Card
pay_00000000001791,6275.9,2026-08-26,RZP-01791-KABIR,Kabir Singh,Netbanking
pay_00000000001792,5714.22,2026-08-27,RZP-01792-ANANYA,Ananya Iyer,UPI
pay_00000000001793,8826.3,2026-08-28,RZP-01793-ROHAN,Rohan Mehta,Card
pay_00000000001794,11629.21,2026-08-29,RZP-01794-ISHA,Isha Nair,Netbanking
pay_00000000001795,13906.44,2026-08-30,RZP-01795-AARAV,Aarav Sharma,UPI
pay_00000000001796,5627.39,2026-08-31,RZP-01796-DIYA,Diya Patel,Card
pay_00000000001797,12264.03,2026-09-01,RZP-01797-KABIR,Kabir Singh,Netbanking
pay_00000000001798,12017.31,2026-09-02,RZP-01798-ANANYA,Ananya Iyer,UPI
pay_00000000001799,13473.2,2026-08-05,RZP-01799-ROHAN,Rohan Mehta,Card
pay_00000000001800,13157.84,2026-08-06,RZP-01800-ISHA,Isha Nair,Netbanking
pay_00000000001801,465.27,2026-08-07,RZP-01801-AARAV,Aarav Sharma,UPI
pay_00000000001802,2967.56,2026-08-08,RZP-01802-DIYA,Diya Patel,Card
pay_00000000001803,8468.16,2026-08-09,RZP-01803-KABIR,Kabir Singh,Netbanking
pay_00000000001804,357.4,2026-08-10,RZP-01804-ANANYA,Ananya Iyer,UPI
pay_00000000001805,1805.78,2026-08-11,RZP-01805-ROHAN,Rohan Mehta,Card
pay_00000000001806,8899.44,2026-08-12,RZP-01806-ISHA,Isha Nair,Netbanking
pay_00000000001807,2929.25,2026-08-13,RZP-01807-AARAV,Aarav Sharma,UPI
pay_00000000001808,1116.85,2026-08-14,RZP-01808-DIYA,Diya Patel,Card
pay_00000000001809,9867.27,2026-08-15,RZP-01809-KABIR,Kabir Singh,Netbanking
pay_00000000001810,14968.75,2026-08-16,RZP-01810-ANANYA,Ananya Iyer,UPI
pay_00000000001811,14805.08,2026-08-17,RZP-01811-ROHAN,Rohan Mehta,Card
pay_00000000001812,5978.98,2026-08-18,RZP-01812-ISHA,Isha Nair,Netbanking
pay_00000000001813,4613.64,2026-08-19,RZP-01813-AARAV,Aarav Sharma,UPI
pay_00000000001814,7185.2,2026-08-20,RZP-01814-DIYA,Diya Patel,Card
pay_00000000001815,2787.81,2026-08-21,RZP-01815-KABIR,Kabir Singh,Netbanking
pay_00000000001816,894.42,2026-08-22,RZP-01816-ANANYA,Ananya Iyer,UPI
pay_00000000001817,11686.49,2026-08-23,RZP-01817-ROHAN,Rohan Mehta,Card
pay_00000000001818,8416.47,2026-08-24,RZP-01818-ISHA,Isha Nair,Netbanking
pay_00000000001819,13809.93,2026-08-25,RZP-01819-AARAV,Aarav Sharma,UPI
pay_00000000001820,3872.56,2026-08-26,RZP-01820-DIYA,Diya Patel,Card
pay_00000000001821,10733.67,2026-08-27,RZP-01821-KABIR,Kabir Singh,Netbanking
pay_00000000001822,12881.97,2026-08-28,RZP-01822-ANANYA,Ananya Iyer,UPI
pay_00000000001823,9956.11,2026-08-29,RZP-01823-ROHAN,Rohan Mehta,Card
pay_00000000001824,13592.2,2026-08-30,RZP-01824-ISHA,Isha Nair,Netbanking
pay_00000000001825,1659.7,2026-08-31,RZP-01825-AARAV,Aarav Sharma,UPI
pay_00000000001826,5891.76,2026-09-01,RZP-01826-DIYA,Diya Patel,Card
pay_00000000001827,6252.76,2026-09-02,RZP-01827-KABIR,Kabir Singh,Netbanking
pay_00000000001828,4644.88,2026-08-05,RZP-01828-ANANYA,Ananya Iyer,UPI
pay_00000000001829,1278.74,2026-08-06,RZP-01829-ROHAN,Rohan Mehta,Card
pay_00000000001830,9211.8,2026-08-07,RZP-01830-ISHA,Isha Nair,Netbanking
pay_00000000001831,11789.91,2026-08-08,RZP-01831-AARAV,Aarav Sharma,UPI
pay_00000000001832,3202.97,2026-08-09,RZP-01832-DIYA,Diya Patel,Card
pay_00000000001833,10472.58,2026-08-10,RZP-01833-KABIR,Kabir Singh,Netbanking
pay_00000000001834,159.73,2026-08-11,RZP-01834-ANANYA,Ananya Iyer,UPI
pay_00000000001835,11837.96,2026-08-12,RZP-01835-ROHAN,Rohan Mehta,Card
pay_00000000001836,3536.22,2026-08-13,RZP-01836-ISHA,Isha Nair,Netbanking
pay_00000000001837,14280.39,2026-08-14,RZP-01837-AARAV,Aarav Sharma,UPI
pay_00000000001838,6898.19,2026-08-15,RZP-01838-DIYA,Diya Patel,Card
pay_00000000001839,2299.76,2026-08-16,RZP-01839-KABIR,Kabir Singh,Netbanking
pay_00000000001840,9457.38,2026-08-17,RZP-01840-ANANYA,Ananya Iyer,UPI
pay_00000000001841,8378.78,2026-08-18,RZP-01841-ROHAN,Rohan Mehta,Card
pay_00000000001842,9822.15,2026-08-19,RZP-01842-ISHA,Isha Nair,Netbanking
pay_00000000001843,9840.06,2026-08-20,RZP-01843-AARAV,Aarav Sharma,UPI
pay_00000000001844,8252.94,2026-08-21,RZP-01844-DIYA,Diya Patel,Card
pay_00000000001845,6622.63,2026-08-22,RZP-01845-KABIR,Kabir Singh,Netbanking
pay_00000000001846,1670.52,2026-08-23,RZP-01846-ANANYA,Ananya Iyer,UPI
pay_00000000001847,14919.67,2026-08-24,RZP-01847-ROHAN,Rohan Mehta,Card
pay_00000000001848,13177.07,2026-08-25,RZP-01848-ISHA,Isha Nair,Netbanking
pay_00000000001849,437.94,2026-08-26,RZP-01849-AARAV,Aarav Sharma,UPI
pay_00000000001850,11395.34,2026-08-27,RZP-01850-DIYA,Diya Patel,Card
pay_00000000001851,13646.51,2026-08-28,RZP-01851-KABIR,Kabir Singh,Netbanking
pay_00000000001852,8688.26,2026-08-29,RZP-01852-ANANYA,Ananya Iyer,UPI
pay_00000000001853,2966.9,2026-08-30,RZP-01853-ROHAN,Rohan Mehta,Card
pay_00000000001854,12421.8,2026-08-31,RZP-01854-ISHA,Isha Nair,Netbanking
pay_00000000001855,3237.04,2026-09-01,RZP-01855-AARAV,Aarav Sharma,UPI
pay_00000000001856,6633.75,2026-09-02,RZP-01856-DIYA,Diya Patel,Card
pay_00000000001857,12650.52,2026-08-05,RZP-01857-KABIR,Kabir Singh,Netbanking
pay_00000000001858,12563.6,2026-08-06,RZP-01858-ANANYA,Ananya Iyer,UPI
pay_00000000001859,5232.79,2026-08-07,RZP-01859-ROHAN,Rohan Mehta,Card
pay_00000000001860,13667.17,2026-08-08,RZP-01860-ISHA,Isha Nair,Netbanking
pay_00000000001861,9892.45,2026-08-09,RZP-01861-AARAV,Aarav Sharma,UPI
pay_00000000001862,13539.46,2026-08-10,RZP-01862-DIYA,Diya Patel,Card
pay_00000000001863,12979.72,2026-08-11,RZP-01863-KABIR,Kabir Singh,Netbanking
pay_00000000001864,3884.75,2026-08-12,RZP-01864-ANANYA,Ananya Iyer,UPI
pay_00000000001865,11506.27,2026-08-13,RZP-01865-ROHAN,Rohan Mehta,Card
pay_00000000001866,639.15,2026-08-14,RZP-01866-ISHA,Isha Nair,Netbanking
pay_00000000001867,6635.01,2026-08-15,RZP-01867-AARAV,Aarav Sharma,UPI
pay_00000000001868,452.11,2026-08-16,RZP-01868-DIYA,Diya Patel,Card
pay_00000000001869,5622.4,2026-08-17,RZP-01869-KABIR,Kabir Singh,Netbanking
pay_00000000001870,8123.54,2026-08-18,RZP-01870-ANANYA,Ananya Iyer,UPI
pay_00000000001871,6879.9,2026-08-19,RZP-01871-ROHAN,Rohan Mehta,Card
pay_00000000001872,6907.45,2026-08-20,RZP-01872-ISHA,Isha Nair,Netbanking
pay_00000000001873,6784.76,2026-08-21,RZP-01873-AARAV,Aarav Sharma,UPI
pay_00000000001874,11524.47,2026-08-22,RZP-01874-DIYA,Diya Patel,Card
pay_00000000001875,9026.21,2026-08-23,RZP-01875-KABIR,Kabir Singh,Netbanking
pay_00000000001876,6166.03,2026-08-24,RZP-01876-ANANYA,Ananya Iyer,UPI
pay_00000000001877,1733.32,2026-08-25,RZP-01877-ROHAN,Rohan Mehta,Card
pay_00000000001878,5548.23,2026-08-26,RZP-01878-ISHA,Isha Nair,Netbanking
pay_00000000001879,668.96,2026-08-27,RZP-01879-AARAV,Aarav Sharma,UPI
pay_00000000001880,10285.42,2026-08-28,RZP-01880-DIYA,Diya Patel,Card
pay_00000000001881,4123.51,2026-08-29,RZP-01881-KABIR,Kabir Singh,Netbanking
pay_00000000001882,13747.36,2026-08-30,RZP-01882-ANANYA,Ananya Iyer,UPI
pay_00000000001883,14874.67,2026-08-31,RZP-01883-ROHAN,Rohan Mehta,Card
pay_00000000001884,5819.53,2026-09-01,RZP-01884-ISHA,Isha Nair,Netbanking
pay_00000000001885,6948.19,2026-09-02,RZP-01885-AARAV,Aarav Sharma,UPI
pay_00000000001886,12668.9,2026-08-05,RZP-01886-DIYA,Diya Patel,Card
pay_00000000001887,4841.68,2026-08-06,RZP-01887-KABIR,Kabir Singh,Netbanking
pay_00000000001888,9456.22,2026-08-07,RZP-01888-ANANYA,Ananya Iyer,UPI
pay_00000000001889,2365.98,2026-08-08,RZP-01889-ROHAN,Rohan Mehta,Card
pay_00000000001890,3558.75,2026-08-09,RZP-01890-ISHA,Isha Nair,Netbanking
pay_00000000001891,1924.32,2026-08-10,RZP-01891-AARAV,Aarav Sharma,UPI
pay_00000000001892,14488.9,2026-08-11,RZP-01892-DIYA,Diya Patel,Card
pay_00000000001893,14452.89,2026-08-12,RZP-01893-KABIR,Kabir Singh,Netbanking
pay_00000000001894,6774.35,2026-08-13,RZP-01894-ANANYA,Ananya Iyer,UPI
pay_00000000001895,5970.82,2026-08-14,RZP-01895-ROHAN,Rohan Mehta,Card
pay_00000000001896,11660.49,2026-08-15,RZP-01896-ISHA,Isha Nair,Netbanking
pay_00000000001897,4291.99,2026-08-16,RZP-01897-AARAV,Aarav Sharma,UPI
pay_00000000001898,13406.45,2026-08-17,RZP-01898-DIYA,Diya Patel,Card
pay_00000000001899,3305.41,2026-08-18,RZP-01899-KABIR,Kabir Singh,Netbanking
pay_00000000001900,3101.48,2026-08-19,RZP-01900-ANANYA,Ananya Iyer,UPI
pay_00000000001901,7290.13,2026-08-20,RZP-01901-ROHAN,Rohan Mehta,Card
pay_00000000001902,12216.22,2026-08-21,RZP-01902-ISHA,Isha Nair,Netbanking
pay_00000000001903,9112.56,2026-08-22,RZP-01903-AARAV,Aarav Sharma,UPI
pay_00000000001904,11113.28,2026-08-23,RZP-01904-DIYA,Diya Patel,Card
pay_00000000001905,9241.79,2026-08-24,RZP-01905-KABIR,Kabir Singh,Netbanking
pay_00000000001906,7917.56,2026-08-25,RZP-01906-ANANYA,Ananya Iyer,UPI
pay_00000000001907,4389.87,2026-08-26,RZP-01907-ROHAN,Rohan Mehta,Card
pay_00000000001908,10488.41,2026-08-27,RZP-01908-ISHA,Isha Nair,Netbanking
pay_00000000001909,12283.27,2026-08-28,RZP-01909-AARAV,Aarav Sharma,UPI
pay_00000000001910,13626.71,2026-08-29,RZP-01910-DIYA,Diya Patel,Card
pay_00000000001911,6389.6,2026-08-30,RZP-01911-KABIR,Kabir Singh,Netbanking
pay_00000000001912,8818.94,2026-08-31,RZP-01912-ANANYA,Ananya Iyer,UPI
pay_00000000001913,11235.63,2026-09-01,RZP-01913-ROHAN,Rohan Mehta,Card
pay_00000000001914,11274.27,2026-09-02,RZP-01914-ISHA,Isha Nair,Netbanking
pay_00000000001915,1914.0,2026-08-05,RZP-01915-AARAV,Aarav Sharma,UPI
pay_00000000001916,2049.46,2026-08-06,RZP-01916-DIYA,Diya Patel,Card
pay_00000000001917,8776.59,2026-08-07,RZP-01917-KABIR,Kabir Singh,Netbanking
pay_00000000001918,10357.53,2026-08-08,RZP-01918-ANANYA,Ananya Iyer,UPI
pay_00000000001919,871.67,2026-08-09,RZP-01919-ROHAN,Rohan Mehta,Card
pay_00000000001920,2498.78,2026-08-10,RZP-01920-ISHA,Isha Nair,Netbanking
pay_00000000001921,5615.38,2026-08-11,RZP-01921-AARAV,Aarav Sharma,UPI
pay_00000000001922,1248.88,2026-08-12,RZP-01922-DIYA,Diya Patel,Card
pay_00000000001923,7361.99,2026-08-13,RZP-01923-KABIR,Kabir Singh,Netbanking
pay_00000000001924,6519.52,2026-08-14,RZP-01924-ANANYA,Ananya Iyer,UPI
pay_00000000001925,7321.72,2026-08-15,RZP-01925-ROHAN,Rohan Mehta,Card
pay_00000000001926,8259.26,2026-08-16,RZP-01926-ISHA,Isha Nair,Netbanking
pay_00000000001927,11786.93,2026-08-17,RZP-01927-AARAV,Aarav Sharma,UPI
pay_00000000001928,14353.85,2026-08-18,RZP-01928-DIYA,Diya Patel,Card
pay_00000000001929,12407.36,2026-08-19,RZP-01929-KABIR,Kabir Singh,Netbanking
pay_00000000001930,6072.41,2026-08-20,RZP-01930-ANANYA,Ananya Iyer,UPI
pay_00000000001931,6153.05,2026-08-21,RZP-01931-ROHAN,Rohan Mehta,Card
pay_00000000001932,6395.55,2026-08-22,RZP-01932-ISHA,Isha Nair,Netbanking
pay_00000000001933,2768.06,2026-08-23,RZP-01933-AARAV,Aarav Sharma,UPI
pay_00000000001934,913.71,2026-08-24,RZP-01934-DIYA,Diya Patel,Card
pay_00000000001935,9183.03,2026-08-25,RZP-01935-KABIR,Kabir Singh,Netbanking
pay_00000000001936,12944.11,2026-08-26,RZP-01936-ANANYA,Ananya Iyer,UPI
pay_00000000001937,7114.1,2026-08-27,RZP-01937-ROHAN,Rohan Mehta,Card
pay_00000000001938,6374.43,2026-08-28,RZP-01938-ISHA,Isha Nair,Netbanking
pay_00000000001939,7317.56,2026-08-29,RZP-01939-AARAV,Aarav Sharma,UPI
pay_00000000001940,10879.01,2026-08-30,RZP-01940-DIYA,Diya Patel,Card
pay_00000000001941,5374.05,2026-08-31,RZP-01941-KABIR,Kabir Singh,Netbanking
pay_00000000001942,12378.91,2026-09-01,RZP-01942-ANANYA,Ananya Iyer,UPI
pay_00000000001943,14752.9,2026-09-02,RZP-01943-ROHAN,Rohan Mehta,Card
pay_00000000001944,12590.37,2026-08-05,RZP-01944-ISHA,Isha Nair,Netbanking
pay_00000000001945,3962.07,2026-08-06,RZP-01945-AARAV,Aarav Sharma,UPI
pay_00000000001946,6911.39,2026-08-07,RZP-01946-DIYA,Diya Patel,Card
pay_00000000001947,12540.07,2026-08-08,RZP-01947-KABIR,Kabir Singh,Netbanking
pay_00000000001948,1747.85,2026-08-09,RZP-01948-ANANYA,Ananya Iyer,UPI
pay_00000000001949,13117.28,2026-08-10,RZP-01949-ROHAN,Rohan Mehta,Card
pay_00000000001950,9193.69,2026-08-11,RZP-01950-ISHA,Isha Nair,Netbanking
pay_00000000001951,14967.49,2026-08-12,RZP-01951-AARAV,Aarav Sharma,UPI
pay_00000000001952,3530.09,2026-08-13,RZP-01952-DIYA,Diya Patel,Card
pay_00000000001953,7275.31,2026-08-14,RZP-01953-KABIR,Kabir Singh,Netbanking
pay_00000000001954,7860.69,2026-08-15,RZP-01954-ANANYA,Ananya Iyer,UPI
pay_00000000001955,6950.03,2026-08-16,RZP-01955-ROHAN,Rohan Mehta,Card
pay_00000000001956,9540.59,2026-08-17,RZP-01956-ISHA,Isha Nair,Netbanking
pay_00000000001957,7243.28,2026-08-18,RZP-01957-AARAV,Aarav Sharma,UPI
pay_00000000001958,12281.05,2026-08-19,RZP-01958-DIYA,Diya Patel,Card
pay_00000000001959,13061.96,2026-08-20,RZP-01959-KABIR,Kabir Singh,Netbanking
pay_00000000001960,7757.18,2026-08-21,RZP-01960-ANANYA,Ananya Iyer,UPI
pay_00000000001961,479.97,2026-08-22,RZP-01961-ROHAN,Rohan Mehta,Card
pay_00000000001962,7587.54,2026-08-23,RZP-01962-ISHA,Isha Nair,Netbanking
pay_00000000001963,12842.08,2026-08-24,RZP-01963-AARAV,Aarav Sharma,UPI
pay_00000000001964,9901.65,2026-08-25,RZP-01964-DIYA,Diya Patel,Card
pay_00000000001965,8411.94,2026-08-26,RZP-01965-KABIR,Kabir Singh,Netbanking
pay_00000000001966,11151.22,2026-08-27,RZP-01966-ANANYA,Ananya Iyer,UPI
pay_00000000001967,12150.52,2026-08-28,RZP-01967-ROHAN,Rohan Mehta,Card
pay_00000000001968,11098.5,2026-08-29,RZP-01968-ISHA,Isha Nair,Netbanking
pay_00000000001969,8838.28,2026-08-30,RZP-01969-AARAV,Aarav Sharma,UPI
pay_00000000001970,7298.25,2026-08-31,RZP-01970-DIYA,Diya Patel,Card
pay_00000000001971,2921.81,2026-09-01,RZP-01971-KABIR,Kabir Singh,Netbanking
pay_00000000001972,10515.32,2026-09-02,RZP-01972-ANANYA,Ananya Iyer,UPI
pay_00000000001973,12361.23,2026-08-05,RZP-01973-ROHAN,Rohan Mehta,Card
pay_00000000001974,1696.27,2026-08-06,RZP-01974-ISHA,Isha Nair,Netbanking
pay_00000000001975,8220.12,2026-08-07,RZP-01975-AARAV,Aarav Sharma,UPI
pay_00000000001976,4717.04,2026-08-08,RZP-01976-DIYA,Diya Patel,Card
pay_00000000001977,14004.53,2026-08-09,RZP-01977-KABIR,Kabir Singh,Netbanking
pay_00000000001978,12227.36,2026-08-10,RZP-01978-ANANYA,Ananya Iyer,UPI
pay_00000000001979,2872.16,2026-08-11,RZP-01979-ROHAN,Rohan Mehta,Card
pay_00000000001980,1493.62,2026-08-12,RZP-01980-ISHA,Isha Nair,Netbanking
pay_00000000001981,5495.39,2026-08-13,RZP-01981-AARAV,Aarav Sharma,UPI
pay_00000000001982,1838.55,2026-08-14,RZP-01982-DIYA,Diya Patel,Card
pay_00000000001983,4329.88,2026-08-15,RZP-01983-KABIR,Kabir Singh,Netbanking
pay_00000000001984,12475.44,2026-08-16,RZP-01984-ANANYA,Ananya Iyer,UPI
pay_00000000001985,8156.97,2026-08-17,RZP-01985-ROHAN,Rohan Mehta,Card
pay_00000000001986,6729.22,2026-08-18,RZP-01986-ISHA,Isha Nair,Netbanking
pay_00000000001987,8249.69,2026-08-19,RZP-01987-AARAV,Aarav Sharma,UPI
pay_00000000001988,13405.33,2026-08-20,RZP-01988-DIYA,Diya Patel,Card
pay_00000000001989,3239.73,2026-08-21,RZP-01989-KABIR,Kabir Singh,Netbanking
pay_00000000001990,7189.19,2026-08-22,RZP-01990-ANANYA,Ananya Iyer,UPI
pay_00000000001991,11519.52,2026-08-23,RZP-01991-ROHAN,Rohan Mehta,Card
pay_00000000001992,166.16,2026-08-24,RZP-01992-ISHA,Isha Nair,Netbanking
pay_00000000001993,10672.06,2026-08-25,RZP-01993-AARAV,Aarav Sharma,UPI
pay_00000000001994,7909.39,2026-08-26,RZP-01994-DIYA,Diya Patel,Card
pay_00000000001995,8571.39,2026-08-27,RZP-01995-KABIR,Kabir Singh,Netbanking
pay_00000000001996,11980.28,2026-08-28,RZP-01996-ANANYA,Ananya Iyer,UPI
pay_00000000001997,12077.71,2026-08-29,RZP-01997-ROHAN,Rohan Mehta,Card
pay_00000000001998,8537.05,2026-08-30,RZP-01998-ISHA,Isha Nair,Netbanking
pay_00000000001999,262.5,2026-08-31,RZP-01999-AARAV,Aarav Sharma,UPI
pay_00000000002000,14003.34,2026-09-01,RZP-02000-DIYA,Diya Patel,Card
pay_00000000002001,2409.57,2026-09-02,RZP-02001-KABIR,Kabir Singh,Netbanking
pay_00000000002002,9542.88,2026-08-05,RZP-02002-ANANYA,Ananya Iyer,UPI
pay_00000000002003,6532.93,2026-08-06,RZP-02003-ROHAN,Rohan Mehta,Card
pay_00000000002004,10093.34,2026-08-07,RZP-02004-ISHA,Isha Nair,Netbanking
pay_00000000002005,9333.88,2026-08-08,RZP-02005-AARAV,Aarav Sharma,UPI
pay_00000000002006,14707.96,2026-08-09,RZP-02006-DIYA,Diya Patel,Card
pay_00000000002007,10297.38,2026-08-10,RZP-02007-KABIR,Kabir Singh,Netbanking
pay_00000000002008,7107.61,2026-08-11,RZP-02008-ANANYA,Ananya Iyer,UPI
pay_00000000002009,3369.47,2026-08-12,RZP-02009-ROHAN,Rohan Mehta,Card
pay_00000000002010,6467.87,2026-08-13,RZP-02010-ISHA,Isha Nair,Netbanking
pay_00000000002011,13920.61,2026-08-14,RZP-02011-AARAV,Aarav Sharma,UPI
pay_00000000002012,866.76,2026-08-15,RZP-02012-DIYA,Diya Patel,Card
pay_00000000002013,3703.55,2026-08-16,RZP-02013-KABIR,Kabir Singh,Netbanking
pay_00000000002014,11660.98,2026-08-17,RZP-02014-ANANYA,Ananya Iyer,UPI
pay_00000000002015,6419.73,2026-08-18,RZP-02015-ROHAN,Rohan Mehta,Card
pay_00000000002016,11895.3,2026-08-19,RZP-02016-ISHA,Isha Nair,Netbanking
pay_00000000002017,11955.19,2026-08-20,RZP-02017-AARAV,Aarav Sharma,UPI
pay_00000000002018,4778.07,2026-08-21,RZP-02018-DIYA,Diya Patel,Card
pay_00000000002019,9525.63,2026-08-22,RZP-02019-KABIR,Kabir Singh,Netbanking
pay_00000000002020,9901.56,2026-08-23,RZP-02020-ANANYA,Ananya Iyer,UPI
pay_00000000002021,313.2,2026-08-24,RZP-02021-ROHAN,Rohan Mehta,Card
pay_00000000002022,3460.17,2026-08-25,RZP-02022-ISHA,Isha Nair,Netbanking
pay_00000000002023,747.61,2026-08-26,RZP-02023-AARAV,Aarav Sharma,UPI
pay_00000000002024,13650.71,2026-08-27,RZP-02024-DIYA,Diya Patel,Card
pay_00000000002025,269.15,2026-08-28,RZP-02025-KABIR,Kabir Singh,Netbanking
pay_00000000002026,9470.53,2026-08-29,RZP-02026-ANANYA,Ananya Iyer,UPI
pay_00000000002027,3822.65,2026-08-30,RZP-02027-ROHAN,Rohan Mehta,Card
pay_00000000002028,8627.34,2026-08-31,RZP-02028-ISHA,Isha Nair,Netbanking
pay_00000000002029,11752.02,2026-09-01,RZP-02029-AARAV,Aarav Sharma,UPI
pay_00000000002030,13305.99,2026-09-02,RZP-02030-DIYA,Diya Patel,Card
pay_00000000002031,2714.7,2026-08-05,RZP-02031-KABIR,Kabir Singh,Netbanking
pay_00000000002032,6914.8,2026-08-06,RZP-02032-ANANYA,Ananya Iyer,UPI
pay_00000000002033,13570.31,2026-08-07,RZP-02033-ROHAN,Rohan Mehta,Card
pay_00000000002034,4957.9,2026-08-08,RZP-02034-ISHA,Isha Nair,Netbanking
pay_00000000002035,3734.44,2026-08-09,RZP-02035-AARAV,Aarav Sharma,UPI
pay_00000000002036,3166.68,2026-08-10,RZP-02036-DIYA,Diya Patel,Card
pay_00000000002037,8225.49,2026-08-11,RZP-02037-KABIR,Kabir Singh,Netbanking
pay_00000000002038,719.89,2026-08-12,RZP-02038-ANANYA,Ananya Iyer,UPI
pay_00000000002039,5288.94,2026-08-13,RZP-02039-ROHAN,Rohan Mehta,Card
pay_00000000002040,14595.85,2026-08-14,RZP-02040-ISHA,Isha Nair,Netbanking
pay_00000000002041,10855.48,2026-08-15,RZP-02041-AARAV,Aarav Sharma,UPI
pay_00000000002042,9966.72,2026-08-16,RZP-02042-DIYA,Diya Patel,Card
pay_00000000002043,9732.78,2026-08-17,RZP-02043-KABIR,Kabir Singh,Netbanking
pay_00000000002044,5560.19,2026-08-18,RZP-02044-ANANYA,Ananya Iyer,UPI
pay_00000000002045,10093.31,2026-08-19,RZP-02045-ROHAN,Rohan Mehta,Card
pay_00000000002046,8771.17,2026-08-20,RZP-02046-ISHA,Isha Nair,Netbanking
pay_00000000002047,4402.56,2026-08-21,RZP-02047-AARAV,Aarav Sharma,UPI
pay_00000000002048,1576.79,2026-08-22,RZP-02048-DIYA,Diya Patel,Card
pay_00000000002049,7933.8,2026-08-23,RZP-02049-KABIR,Kabir Singh,Netbanking
pay_00000000002050,9392.96,2026-08-24,RZP-02050-ANANYA,Ananya Iyer,UPI
pay_00000000002051,8790.96,2026-08-25,RZP-02051-ROHAN,Rohan Mehta,Card
pay_00000000002052,6000.45,2026-08-26,RZP-02052-ISHA,Isha Nair,Netbanking
pay_00000000002053,7925.64,2026-08-27,RZP-02053-AARAV,Aarav Sharma,UPI
pay_00000000002054,11480.56,2026-08-28,RZP-02054-DIYA,Diya Patel,Card
pay_00000000002055,14975.93,2026-08-29,RZP-02055-KABIR,Kabir Singh,Netbanking
pay_00000000002056,1072.63,2026-08-30,RZP-02056-ANANYA,Ananya Iyer,UPI
pay_00000000002057,6634.82,2026-08-31,RZP-02057-ROHAN,Rohan Mehta,Card
pay_00000000002058,1954.78,2026-09-01,RZP-02058-ISHA,Isha Nair,Netbanking
pay_00000000002059,11212.06,2026-09-02,RZP-02059-AARAV,Aarav Sharma,UPI
pay_00000000002060,14238.2,2026-08-05,RZP-02060-DIYA,Diya Patel,Card
pay_00000000002061,8209.29,2026-08-06,RZP-02061-KABIR,Kabir Singh,Netbanking
pay_00000000002062,10782.8,2026-08-07,RZP-02062-ANANYA,Ananya Iyer,UPI
pay_00000000002063,9608.29,2026-08-08,RZP-02063-ROHAN,Rohan Mehta,Card
pay_00000000002064,7380.98,2026-08-09,RZP-02064-ISHA,Isha Nair,Netbanking
pay_00000000002065,4412.56,2026-08-10,RZP-02065-AARAV,Aarav Sharma,UPI
pay_00000000002066,2764.24,2026-08-11,RZP-02066-DIYA,Diya Patel,Card
pay_00000000002067,12585.13,2026-08-12,RZP-02067-KABIR,Kabir Singh,Netbanking
pay_00000000002068,3762.56,2026-08-13,RZP-02068-ANANYA,Ananya Iyer,UPI
pay_00000000002069,2263.16,2026-08-14,RZP-02069-ROHAN,Rohan Mehta,Card
pay_00000000002070,13338.95,2026-08-15,RZP-02070-ISHA,Isha Nair,Netbanking
pay_00000000002071,4034.65,2026-08-16,RZP-02071-AARAV,Aarav Sharma,UPI
pay_00000000002072,12958.61,2026-08-17,RZP-02072-DIYA,Diya Patel,Card
pay_00000000002073,10255.27,2026-08-18,RZP-02073-KABIR,Kabir Singh,Netbanking
pay_00000000002074,4779.05,2026-08-19,RZP-02074-ANANYA,Ananya Iyer,UPI
pay_00000000002075,14612.28,2026-08-20,RZP-02075-ROHAN,Rohan Mehta,Card
pay_00000000002076,5633.62,2026-08-21,RZP-02076-ISHA,Isha Nair,Netbanking
pay_00000000002077,1102.28,2026-08-22,RZP-02077-AARAV,Aarav Sharma,UPI
pay_00000000002078,5560.29,2026-08-23,RZP-02078-DIYA,Diya Patel,Card
pay_00000000002079,4206.16,2026-08-24,RZP-02079-KABIR,Kabir Singh,Netbanking
pay_00000000002080,10114.52,2026-08-25,RZP-02080-ANANYA,Ananya Iyer,UPI
pay_00000000002081,927.76,2026-08-26,RZP-02081-ROHAN,Rohan Mehta,Card
pay_00000000002082,9754.44,2026-08-27,RZP-02082-ISHA,Isha Nair,Netbanking
pay_00000000002083,3093.22,2026-08-28,RZP-02083-AARAV,Aarav Sharma,UPI
pay_00000000002084,11750.26,2026-08-29,RZP-02084-DIYA,Diya Patel,Card
pay_00000000002085,7396.93,2026-08-30,RZP-02085-KABIR,Kabir Singh,Netbanking
pay_00000000002086,8782.04,2026-08-31,RZP-02086-ANANYA,Ananya Iyer,UPI
pay_00000000002087,10976.66,2026-09-01,RZP-02087-ROHAN,Rohan Mehta,Card
pay_00000000002088,7741.17,2026-09-02,RZP-02088-ISHA,Isha Nair,Netbanking
pay_00000000002089,9431.7,2026-08-05,RZP-02089-AARAV,Aarav Sharma,UPI
pay_00000000002090,8986.32,2026-08-06,RZP-02090-DIYA,Diya Patel,Card
pay_00000000002091,8322.23,2026-08-07,RZP-02091-KABIR,Kabir Singh,Netbanking
pay_00000000002092,5419.89,2026-08-08,RZP-02092-ANANYA,Ananya Iyer,UPI
pay_00000000002093,497.86,2026-08-09,RZP-02093-ROHAN,Rohan Mehta,Card
pay_00000000002094,6560.14,2026-08-10,RZP-02094-ISHA,Isha Nair,Netbanking
pay_00000000002095,2156.16,2026-08-11,RZP-02095-AARAV,Aarav Sharma,UPI
pay_00000000002096,4883.57,2026-08-12,RZP-02096-DIYA,Diya Patel,Card
pay_00000000002097,3296.15,2026-08-13,RZP-02097-KABIR,Kabir Singh,Netbanking
pay_00000000002098,13499.3,2026-08-14,RZP-02098-ANANYA,Ananya Iyer,UPI
pay_00000000002099,11268.17,2026-08-15,RZP-02099-ROHAN,Rohan Mehta,Card
pay_00000000002100,11735.37,2026-08-16,RZP-02100-ISHA,Isha Nair,Netbanking
pay_00000000002101,10933.63,2026-08-17,RZP-02101-AARAV,Aarav Sharma,UPI
pay_00000000002102,9639.56,2026-08-18,RZP-02102-DIYA,Diya Patel,Card
pay_00000000002103,5344.8,2026-08-19,RZP-02103-KABIR,Kabir Singh,Netbanking
pay_00000000002104,1910.0,2026-08-20,RZP-02104-ANANYA,Ananya Iyer,UPI
pay_00000000002105,11203.47,2026-08-21,RZP-02105-ROHAN,Rohan Mehta,Card
pay_00000000002106,5413.38,2026-08-22,RZP-02106-ISHA,Isha Nair,Netbanking
pay_00000000002107,8088.88,2026-08-23,RZP-02107-AARAV,Aarav Sharma,UPI
pay_00000000002108,9103.47,2026-08-24,RZP-02108-DIYA,Diya Patel,Card
pay_00000000002109,3745.8,2026-08-25,RZP-02109-KABIR,Kabir Singh,Netbanking
pay_00000000002110,10736.24,2026-08-26,RZP-02110-ANANYA,Ananya Iyer,UPI
pay_00000000002111,2983.72,2026-08-27,RZP-02111-ROHAN,Rohan Mehta,Card
pay_00000000002112,11072.51,2026-08-28,RZP-02112-ISHA,Isha Nair,Netbanking
pay_00000000002113,6597.19,2026-08-29,RZP-02113-AARAV,Aarav Sharma,UPI
pay_00000000002114,11427.98,2026-08-30,RZP-02114-DIYA,Diya Patel,Card
pay_00000000002115,10940.39,2026-08-31,RZP-02115-KABIR,Kabir Singh,Netbanking
pay_00000000002116,10283.13,2026-09-01,RZP-02116-ANANYA,Ananya Iyer,UPI
pay_00000000002117,3817.25,2026-09-02,RZP-02117-ROHAN,Rohan Mehta,Card
pay_00000000002118,3671.56,2026-08-05,RZP-02118-ISHA,Isha Nair,Netbanking
pay_00000000002119,11159.89,2026-08-06,RZP-02119-AARAV,Aarav Sharma,UPI
pay_00000000002120,4755.26,2026-08-07,RZP-02120-DIYA,Diya Patel,Card
pay_00000000002121,1113.45,2026-08-08,RZP-02121-KABIR,Kabir Singh,Netbanking
pay_00000000002122,7205.25,2026-08-09,RZP-02122-ANANYA,Ananya Iyer,UPI
pay_00000000002123,12291.55,2026-08-10,RZP-02123-ROHAN,Rohan Mehta,Card
pay_00000000002124,2098.88,2026-08-11,RZP-02124-ISHA,Isha Nair,Netbanking
pay_00000000002125,2510.54,2026-08-12,RZP-02125-AARAV,Aarav Sharma,UPI
pay_00000000002126,10115.81,2026-08-13,RZP-02126-DIYA,Diya Patel,Card
pay_00000000002127,9698.52,2026-08-14,RZP-02127-KABIR,Kabir Singh,Netbanking
pay_00000000002128,9171.27,2026-08-15,RZP-02128-ANANYA,Ananya Iyer,UPI
pay_00000000002129,4615.75,2026-08-16,RZP-02129-ROHAN,Rohan Mehta,Card
pay_00000000002130,8105.95,2026-08-17,RZP-02130-ISHA,Isha Nair,Netbanking
pay_00000000002131,8425.59,2026-08-18,RZP-02131-AARAV,Aarav Sharma,UPI
pay_00000000002132,7884.12,2026-08-19,RZP-02132-DIYA,Diya Patel,Card
pay_00000000002133,1514.0,2026-08-20,RZP-02133-KABIR,Kabir Singh,Netbanking
pay_00000000002134,5755.96,2026-08-21,RZP-02134-ANANYA,Ananya Iyer,UPI
pay_00000000002135,11899.14,2026-08-22,RZP-02135-ROHAN,Rohan Mehta,Card
pay_00000000002136,3647.21,2026-08-23,RZP-02136-ISHA,Isha Nair,Netbanking
pay_00000000002137,4867.22,2026-08-24,RZP-02137-AARAV,Aarav Sharma,UPI
pay_00000000002138,6552.58,2026-08-25,RZP-02138-DIYA,Diya Patel,Card
pay_00000000002139,8454.59,2026-08-26,RZP-02139-KABIR,Kabir Singh,Netbanking
pay_00000000002140,12621.94,2026-08-27,RZP-02140-ANANYA,Ananya Iyer,UPI
pay_00000000002141,10585.39,2026-08-28,RZP-02141-ROHAN,Rohan Mehta,Card
pay_00000000002142,14984.76,2026-08-29,RZP-02142-ISHA,Isha Nair,Netbanking
pay_00000000002143,12409.67,2026-08-30,RZP-02143-AARAV,Aarav Sharma,UPI
pay_00000000002144,11834.51,2026-08-31,RZP-02144-DIYA,Diya Patel,Card
pay_00000000002145,11221.59,2026-09-01,RZP-02145-KABIR,Kabir Singh,Netbanking
pay_00000000002146,2288.15,2026-09-02,RZP-02146-ANANYA,Ananya Iyer,UPI
pay_00000000002147,10800.07,2026-08-05,RZP-02147-ROHAN,Rohan Mehta,Card
pay_00000000002148,14798.96,2026-08-06,RZP-02148-ISHA,Isha Nair,Netbanking
pay_00000000002149,3812.36,2026-08-07,RZP-02149-AARAV,Aarav Sharma,UPI
pay_00000000002150,14562.79,2026-08-08,RZP-02150-DIYA,Diya Patel,Card
pay_00000000002151,6915.85,2026-08-09,RZP-02151-KABIR,Kabir Singh,Netbanking
pay_00000000002152,10703.63,2026-08-10,RZP-02152-ANANYA,Ananya Iyer,UPI
pay_00000000002153,12577.32,2026-08-11,RZP-02153-ROHAN,Rohan Mehta,Card
pay_00000000002154,12712.68,2026-08-12,RZP-02154-ISHA,Isha Nair,Netbanking
pay_00000000002155,14052.26,2026-08-13,RZP-02155-AARAV,Aarav Sharma,UPI
pay_00000000002156,9317.82,2026-08-14,RZP-02156-DIYA,Diya Patel,Card
pay_00000000002157,3179.24,2026-08-15,RZP-02157-KABIR,Kabir Singh,Netbanking
pay_00000000002158,4475.76,2026-08-16,RZP-02158-ANANYA,Ananya Iyer,UPI
pay_00000000002159,10523.7,2026-08-17,RZP-02159-ROHAN,Rohan Mehta,Card
pay_00000000002160,7586.98,2026-08-18,RZP-02160-ISHA,Isha Nair,Netbanking
pay_00000000002161,3362.31,2026-08-19,RZP-02161-AARAV,Aarav Sharma,UPI
pay_00000000002162,12539.93,2026-08-20,RZP-02162-DIYA,Diya Patel,Card
pay_00000000002163,6454.76,2026-08-21,RZP-02163-KABIR,Kabir Singh,Netbanking
pay_00000000002164,14045.36,2026-08-22,RZP-02164-ANANYA,Ananya Iyer,UPI
pay_00000000002165,13304.15,2026-08-23,RZP-02165-ROHAN,Rohan Mehta,Card
pay_00000000002166,4544.21,2026-08-24,RZP-02166-ISHA,Isha Nair,Netbanking
pay_00000000002167,12827.95,2026-08-25,RZP-02167-AARAV,Aarav Sharma,UPI
pay_00000000002168,560.87,2026-08-26,RZP-02168-DIYA,Diya Patel,Card
pay_00000000002169,6826.22,2026-08-27,RZP-02169-KABIR,Kabir Singh,Netbanking
pay_00000000002170,1290.2,2026-08-28,RZP-02170-ANANYA,Ananya Iyer,UPI
pay_00000000002171,7698.98,2026-08-29,RZP-02171-ROHAN,Rohan Mehta,Card
pay_00000000002172,5340.77,2026-08-30,RZP-02172-ISHA,Isha Nair,Netbanking
pay_00000000002173,7228.95,2026-08-31,RZP-02173-AARAV,Aarav Sharma,UPI
pay_00000000002174,13390.98,2026-09-01,RZP-02174-DIYA,Diya Patel,Card
pay_00000000002175,662.05,2026-09-02,RZP-02175-KABIR,Kabir Singh,Netbanking
pay_00000000002176,12702.16,2026-08-05,RZP-02176-ANANYA,Ananya Iyer,UPI
pay_00000000002177,2819.88,2026-08-06,RZP-02177-ROHAN,Rohan Mehta,Card
pay_00000000002178,13131.07,2026-08-07,RZP-02178-ISHA,Isha Nair,Netbanking
pay_00000000002179,10916.05,2026-08-08,RZP-02179-AARAV,Aarav Sharma,UPI
pay_00000000002180,2317.39,2026-08-09,RZP-02180-DIYA,Diya Patel,Card
pay_00000000002181,7710.9,2026-08-10,RZP-02181-KABIR,Kabir Singh,Netbanking
pay_00000000002182,9998.66,2026-08-11,RZP-02182-ANANYA,Ananya Iyer,UPI
pay_00000000002183,7599.24,2026-08-12,RZP-02183-ROHAN,Rohan Mehta,Card
pay_00000000002184,6514.34,2026-08-13,RZP-02184-ISHA,Isha Nair,Netbanking
pay_00000000002185,8706.75,2026-08-14,RZP-02185-AARAV,Aarav Sharma,UPI
pay_00000000002186,4645.94,2026-08-15,RZP-02186-DIYA,Diya Patel,Card
pay_00000000002187,7283.74,2026-08-16,RZP-02187-KABIR,Kabir Singh,Netbanking
pay_00000000002188,8088.82,2026-08-17,RZP-02188-ANANYA,Ananya Iyer,UPI
pay_00000000002189,3721.66,2026-08-18,RZP-02189-ROHAN,Rohan Mehta,Card
pay_00000000002190,3298.99,2026-08-19,RZP-02190-ISHA,Isha Nair,Netbanking
pay_00000000002191,3132.3,2026-08-20,RZP-02191-AARAV,Aarav Sharma,UPI
pay_00000000002192,5552.93,2026-08-21,RZP-02192-DIYA,Diya Patel,Card
pay_00000000002193,648.44,2026-08-22,RZP-02193-KABIR,Kabir Singh,Netbanking
pay_00000000002194,3439.26,2026-08-23,RZP-02194-ANANYA,Ananya Iyer,UPI
pay_00000000002195,8219.84,2026-08-24,RZP-02195-ROHAN,Rohan Mehta,Card
pay_00000000002196,11741.94,2026-08-25,RZP-02196-ISHA,Isha Nair,Netbanking
pay_00000000002197,11781.79,2026-08-26,RZP-02197-AARAV,Aarav Sharma,UPI
pay_00000000002198,13250.87,2026-08-27,RZP-02198-DIYA,Diya Patel,Card
pay_00000000002199,5072.9,2026-08-28,RZP-02199-KABIR,Kabir Singh,Netbanking
pay_00000000002200,11812.3,2026-08-29,RZP-02200-ANANYA,Ananya Iyer,UPI
pay_00000000002201,7033.12,2026-08-30,RZP-02201-ROHAN,Rohan Mehta,Card
pay_00000000002202,9315.27,2026-08-31,RZP-02202-ISHA,Isha Nair,Netbanking
pay_00000000002203,6043.81,2026-09-01,RZP-02203-AARAV,Aarav Sharma,UPI
pay_00000000002204,14843.15,2026-09-02,RZP-02204-DIYA,Diya Patel,Card
pay_00000000002205,6231.37,2026-08-05,RZP-02205-KABIR,Kabir Singh,Netbanking
pay_00000000002206,639.6,2026-08-06,RZP-02206-ANANYA,Ananya Iyer,UPI
pay_00000000002207,8051.38,2026-08-07,RZP-02207-ROHAN,Rohan Mehta,Card
pay_00000000002208,5989.69,2026-08-08,RZP-02208-ISHA,Isha Nair,Netbanking
pay_00000000002209,10980.7,2026-08-09,RZP-02209-AARAV,Aarav Sharma,UPI
pay_00000000002210,3964.72,2026-08-10,RZP-02210-DIYA,Diya Patel,Card
pay_00000000002211,7627.96,2026-08-11,RZP-02211-KABIR,Kabir Singh,Netbanking
pay_00000000002212,10382.73,2026-08-12,RZP-02212-ANANYA,Ananya Iyer,UPI
pay_00000000002213,1266.61,2026-08-13,RZP-02213-ROHAN,Rohan Mehta,Card
pay_00000000002214,7746.25,2026-08-14,RZP-02214-ISHA,Isha Nair,Netbanking
pay_00000000002215,8344.65,2026-08-15,RZP-02215-AARAV,Aarav Sharma,UPI
pay_00000000002216,14378.65,2026-08-16,RZP-02216-DIYA,Diya Patel,Card
pay_00000000002217,7957.18,2026-08-17,RZP-02217-KABIR,Kabir Singh,Netbanking
pay_00000000002218,236.45,2026-08-18,RZP-02218-ANANYA,Ananya Iyer,UPI
pay_00000000002219,13388.57,2026-08-19,RZP-02219-ROHAN,Rohan Mehta,Card
pay_00000000002220,739.67,2026-08-20,RZP-02220-ISHA,Isha Nair,Netbanking
pay_00000000002221,1234.87,2026-08-21,RZP-02221-AARAV,Aarav Sharma,UPI
pay_00000000002222,1614.73,2026-08-22,RZP-02222-DIYA,Diya Patel,Card
pay_00000000002223,10283.41,2026-08-23,RZP-02223-KABIR,Kabir Singh,Netbanking
pay_00000000002224,9997.28,2026-08-24,RZP-02224-ANANYA,Ananya Iyer,UPI
pay_00000000002225,6803.38,2026-08-25,RZP-02225-ROHAN,Rohan Mehta,Card
pay_00000000002226,1570.73,2026-08-26,RZP-02226-ISHA,Isha Nair,Netbanking
pay_00000000002227,8156.12,2026-08-27,RZP-02227-AARAV,Aarav Sharma,UPI
pay_00000000002228,6925.22,2026-08-28,RZP-02228-DIYA,Diya Patel,Card
pay_00000000002229,11333.4,2026-08-29,RZP-02229-KABIR,Kabir Singh,Netbanking
pay_00000000002230,14046.42,2026-08-30,RZP-02230-ANANYA,Ananya Iyer,UPI
pay_00000000002231,2645.05,2026-08-31,RZP-02231-ROHAN,Rohan Mehta,Card
pay_00000000002232,465.22,2026-09-01,RZP-02232-ISHA,Isha Nair,Netbanking
pay_00000000002233,1936.86,2026-09-02,RZP-02233-AARAV,Aarav Sharma,UPI
pay_00000000002234,10043.87,2026-08-05,RZP-02234-DIYA,Diya Patel,Card
pay_00000000002235,1352.52,2026-08-06,RZP-02235-KABIR,Kabir Singh,Netbanking
pay_00000000002236,5788.61,2026-08-07,RZP-02236-ANANYA,Ananya Iyer,UPI
pay_00000000002237,2125.26,2026-08-08,RZP-02237-ROHAN,Rohan Mehta,Card
pay_00000000002238,6115.83,2026-08-09,RZP-02238-ISHA,Isha Nair,Netbanking
pay_00000000002239,1456.3,2026-08-10,RZP-02239-AARAV,Aarav Sharma,UPI
pay_00000000002240,4892.82,2026-08-11,RZP-02240-DIYA,Diya Patel,Card
pay_00000000002241,10651.34,2026-08-12,RZP-02241-KABIR,Kabir Singh,Netbanking
pay_00000000002242,4983.74,2026-08-13,RZP-02242-ANANYA,Ananya Iyer,UPI
pay_00000000002243,6711.4,2026-08-14,RZP-02243-ROHAN,Rohan Mehta,Card
pay_00000000002244,9456.51,2026-08-15,RZP-02244-ISHA,Isha Nair,Netbanking
pay_00000000002245,10642.31,2026-08-16,RZP-02245-AARAV,Aarav Sharma,UPI
pay_00000000002246,2464.32,2026-08-17,RZP-02246-DIYA,Diya Patel,Card
pay_00000000002247,7908.13,2026-08-18,RZP-02247-KABIR,Kabir Singh,Netbanking
pay_00000000002248,9646.11,2026-08-19,RZP-02248-ANANYA,Ananya Iyer,UPI
pay_00000000002249,8729.73,2026-08-20,RZP-02249-ROHAN,Rohan Mehta,Card
pay_00000000002250,13555.5,2026-08-21,RZP-02250-ISHA,Isha Nair,Netbanking
pay_00000000002251,5786.26,2026-08-22,RZP-02251-AARAV,Aarav Sharma,UPI
pay_00000000002252,11228.11,2026-08-23,RZP-02252-DIYA,Diya Patel,Card
pay_00000000002253,3223.15,2026-08-24,RZP-02253-KABIR,Kabir Singh,Netbanking
pay_00000000002254,5022.19,2026-08-25,RZP-02254-ANANYA,Ananya Iyer,UPI
pay_00000000002255,13519.51,2026-08-26,RZP-02255-ROHAN,Rohan Mehta,Card
pay_00000000002256,1706.74,2026-08-27,RZP-02256-ISHA,Isha Nair,Netbanking
pay_00000000002257,5581.27,2026-08-28,RZP-02257-AARAV,Aarav Sharma,UPI
pay_00000000002258,5558.31,2026-08-29,RZP-02258-DIYA,Diya Patel,Card
pay_00000000002259,3944.77,2026-08-30,RZP-02259-KABIR,Kabir Singh,Netbanking
pay_00000000002260,5775.17,2026-08-31,RZP-02260-ANANYA,Ananya Iyer,UPI
pay_00000000002261,10357.65,2026-09-01,RZP-02261-ROHAN,Rohan Mehta,Card
pay_00000000002262,7275.72,2026-09-02,RZP-02262-ISHA,Isha Nair,Netbanking
pay_00000000002263,9490.33,2026-08-05,RZP-02263-AARAV,Aarav Sharma,UPI
pay_00000000002264,2217.95,2026-08-06,RZP-02264-DIYA,Diya Patel,Card
pay_00000000002265,2098.84,2026-08-07,RZP-02265-KABIR,Kabir Singh,Netbanking
pay_00000000002266,5008.71,2026-08-08,RZP-02266-ANANYA,Ananya Iyer,UPI
pay_00000000002267,10283.03,2026-08-09,RZP-02267-ROHAN,Rohan Mehta,Card
pay_00000000002268,4757.01,2026-08-10,RZP-02268-ISHA,Isha Nair,Netbanking
pay_00000000002269,14069.7,2026-08-11,RZP-02269-AARAV,Aarav Sharma,UPI
pay_00000000002270,10238.78,2026-08-12,RZP-02270-DIYA,Diya Patel,Card
pay_00000000002271,4881.43,2026-08-13,RZP-02271-KABIR,Kabir Singh,Netbanking
pay_00000000002272,432.35,2026-08-14,RZP-02272-ANANYA,Ananya Iyer,UPI
pay_00000000002273,4368.04,2026-08-15,RZP-02273-ROHAN,Rohan Mehta,Card
pay_00000000002274,14083.56,2026-08-16,RZP-02274-ISHA,Isha Nair,Netbanking
pay_00000000002275,7979.57,2026-08-17,RZP-02275-AARAV,Aarav Sharma,UPI
pay_00000000002276,10889.02,2026-08-18,RZP-02276-DIYA,Diya Patel,Card
pay_00000000002277,13476.52,2026-08-19,RZP-02277-KABIR,Kabir Singh,Netbanking
pay_00000000002278,3753.78,2026-08-20,RZP-02278-ANANYA,Ananya Iyer,UPI
pay_00000000002279,12306.32,2026-08-21,RZP-02279-ROHAN,Rohan Mehta,Card
pay_00000000002280,12372.69,2026-08-22,RZP-02280-ISHA,Isha Nair,Netbanking
pay_00000000002281,2791.53,2026-08-23,RZP-02281-AARAV,Aarav Sharma,UPI
pay_00000000002282,13596.89,2026-08-24,RZP-02282-DIYA,Diya Patel,Card
pay_00000000002283,7758.36,2026-08-25,RZP-02283-KABIR,Kabir Singh,Netbanking
pay_00000000002284,3731.35,2026-08-26,RZP-02284-ANANYA,Ananya Iyer,UPI
pay_00000000002285,3212.01,2026-08-27,RZP-02285-ROHAN,Rohan Mehta,Card
pay_00000000002286,14738.79,2026-08-28,RZP-02286-ISHA,Isha Nair,Netbanking
pay_00000000002287,14670.75,2026-08-29,RZP-02287-AARAV,Aarav Sharma,UPI
pay_00000000002288,4581.08,2026-08-30,RZP-02288-DIYA,Diya Patel,Card
pay_00000000002289,7177.89,2026-08-31,RZP-02289-KABIR,Kabir Singh,Netbanking
pay_00000000002290,1098.59,2026-09-01,RZP-02290-ANANYA,Ananya Iyer,UPI
pay_00000000002291,14404.9,2026-09-02,RZP-02291-ROHAN,Rohan Mehta,Card
pay_00000000002292,3822.46,2026-08-05,RZP-02292-ISHA,Isha Nair,Netbanking
pay_00000000002293,938.64,2026-08-06,RZP-02293-AARAV,Aarav Sharma,UPI
pay_00000000002294,7884.52,2026-08-07,RZP-02294-DIYA,Diya Patel,Card
pay_00000000002295,9230.92,2026-08-08,RZP-02295-KABIR,Kabir Singh,Netbanking
pay_00000000002296,5010.1,2026-08-09,RZP-02296-ANANYA,Ananya Iyer,UPI
pay_00000000002297,12251.39,2026-08-10,RZP-02297-ROHAN,Rohan Mehta,Card
pay_00000000002298,7193.98,2026-08-11,RZP-02298-ISHA,Isha Nair,Netbanking
pay_00000000002299,2552.1,2026-08-12,RZP-02299-AARAV,Aarav Sharma,UPI
pay_00000000002300,8371.05,2026-08-13,RZP-02300-DIYA,Diya Patel,Card
pay_00000000002301,6797.92,2026-08-14,RZP-02301-KABIR,Kabir Singh,Netbanking
pay_00000000002302,5832.72,2026-08-15,RZP-02302-ANANYA,Ananya Iyer,UPI
pay_00000000002303,14977.22,2026-08-16,RZP-02303-ROHAN,Rohan Mehta,Card
pay_00000000002304,9470.28,2026-08-17,RZP-02304-ISHA,Isha Nair,Netbanking
pay_00000000002305,3928.66,2026-08-18,RZP-02305-AARAV,Aarav Sharma,UPI
pay_00000000002306,4677.27,2026-08-19,RZP-02306-DIYA,Diya Patel,Card
pay_00000000002307,6998.88,2026-08-20,RZP-02307-KABIR,Kabir Singh,Netbanking
pay_00000000002308,3375.59,2026-08-21,RZP-02308-ANANYA,Ananya Iyer,UPI
pay_00000000002309,2778.48,2026-08-22,RZP-02309-ROHAN,Rohan Mehta,Card
pay_00000000002310,12339.18,2026-08-23,RZP-02310-ISHA,Isha Nair,Netbanking
pay_00000000002311,12678.1,2026-08-24,RZP-02311-AARAV,Aarav Sharma,UPI
pay_00000000002312,6087.62,2026-08-25,RZP-02312-DIYA,Diya Patel,Card
pay_00000000002313,10702.8,2026-08-26,RZP-02313-KABIR,Kabir Singh,Netbanking
pay_00000000002314,6407.08,2026-08-27,RZP-02314-ANANYA,Ananya Iyer,UPI
pay_00000000002315,6791.3,2026-08-28,RZP-02315-ROHAN,Rohan Mehta,Card
pay_00000000002316,12787.76,2026-08-29,RZP-02316-ISHA,Isha Nair,Netbanking
pay_00000000002317,14900.63,2026-08-30,RZP-02317-AARAV,Aarav Sharma,UPI
pay_00000000002318,12833.82,2026-08-31,RZP-02318-DIYA,Diya Patel,Card
pay_00000000002319,6807.18,2026-09-01,RZP-02319-KABIR,Kabir Singh,Netbanking
pay_00000000002320,7270.75,2026-09-02,RZP-02320-ANANYA,Ananya Iyer,UPI
pay_00000000002321,7315.57,2026-08-05,RZP-02321-ROHAN,Rohan Mehta,Card
pay_00000000002322,8759.63,2026-08-06,RZP-02322-ISHA,Isha Nair,Netbanking
pay_00000000002323,1825.71,2026-08-07,RZP-02323-AARAV,Aarav Sharma,UPI
pay_00000000002324,5584.72,2026-08-08,RZP-02324-DIYA,Diya Patel,Card
pay_00000000002325,8901.92,2026-08-09,RZP-02325-KABIR,Kabir Singh,Netbanking
pay_00000000002326,9355.22,2026-08-10,RZP-02326-ANANYA,Ananya Iyer,UPI
pay_00000000002327,7335.9,2026-08-11,RZP-02327-ROHAN,Rohan Mehta,Card
pay_00000000002328,5872.56,2026-08-12,RZP-02328-ISHA,Isha Nair,Netbanking
pay_00000000002329,268.2,2026-08-13,RZP-02329-AARAV,Aarav Sharma,UPI
pay_00000000002330,5654.12,2026-08-14,RZP-02330-DIYA,Diya Patel,Card
pay_00000000002331,13933.34,2026-08-15,RZP-02331-KABIR,Kabir Singh,Netbanking
pay_00000000002332,4262.07,2026-08-16,RZP-02332-ANANYA,Ananya Iyer,UPI
pay_00000000002333,14839.76,2026-08-17,RZP-02333-ROHAN,Rohan Mehta,Card
pay_00000000002334,12047.31,2026-08-18,RZP-02334-ISHA,Isha Nair,Netbanking
pay_00000000002335,7457.15,2026-08-19,RZP-02335-AARAV,Aarav Sharma,UPI
pay_00000000002336,4041.75,2026-08-20,RZP-02336-DIYA,Diya Patel,Card
pay_00000000002337,14095.64,2026-08-21,RZP-02337-KABIR,Kabir Singh,Netbanking
pay_00000000002338,12991.47,2026-08-22,RZP-02338-ANANYA,Ananya Iyer,UPI
pay_00000000002339,1972.02,2026-08-23,RZP-02339-ROHAN,Rohan Mehta,Card
pay_00000000002340,7603.68,2026-08-24,RZP-02340-ISHA,Isha Nair,Netbanking
pay_00000000002341,6068.22,2026-08-25,RZP-02341-AARAV,Aarav Sharma,UPI
pay_00000000002342,7292.18,2026-08-26,RZP-02342-DIYA,Diya Patel,Card
pay_00000000002343,14067.13,2026-08-27,RZP-02343-KABIR,Kabir Singh,Netbanking
pay_00000000002344,10366.11,2026-08-28,RZP-02344-ANANYA,Ananya Iyer,UPI
pay_00000000002345,1465.07,2026-08-29,RZP-02345-ROHAN,Rohan Mehta,Card
pay_00000000002346,8386.04,2026-08-30,RZP-02346-ISHA,Isha Nair,Netbanking
pay_00000000002347,2378.25,2026-08-31,RZP-02347-AARAV,Aarav Sharma,UPI
pay_00000000002348,12831.08,2026-09-01,RZP-02348-DIYA,Diya Patel,Card
pay_00000000002349,12338.69,2026-09-02,RZP-02349-KABIR,Kabir Singh,Netbanking
pay_00000000002350,5578.11,2026-08-05,RZP-02350-ANANYA,Ananya Iyer,UPI
pay_00000000002351,5450.36,2026-08-06,RZP-02351-ROHAN,Rohan Mehta,Card
pay_00000000002352,14267.73,2026-08-07,RZP-02352-ISHA,Isha Nair,Netbanking
pay_00000000002353,14432.55,2026-08-08,RZP-02353-AARAV,Aarav Sharma,UPI
pay_00000000002354,7624.18,2026-08-09,RZP-02354-DIYA,Diya Patel,Card
pay_00000000002355,10274.75,2026-08-10,RZP-02355-KABIR,Kabir Singh,Netbanking
pay_00000000002356,4928.42,2026-08-11,RZP-02356-ANANYA,Ananya Iyer,UPI
pay_00000000002357,12175.34,2026-08-12,RZP-02357-ROHAN,Rohan Mehta,Card
pay_00000000002358,3740.1,2026-08-13,RZP-02358-ISHA,Isha Nair,Netbanking
pay_00000000002359,13532.91,2026-08-14,RZP-02359-AARAV,Aarav Sharma,UPI
pay_00000000002360,7441.36,2026-08-15,RZP-02360-DIYA,Diya Patel,Card
pay_00000000002361,13045.36,2026-08-16,RZP-02361-KABIR,Kabir Singh,Netbanking
pay_00000000002362,4449.13,2026-08-17,RZP-02362-ANANYA,Ananya Iyer,UPI
pay_00000000002363,12224.26,2026-08-18,RZP-02363-ROHAN,Rohan Mehta,Card
pay_00000000002364,12115.31,2026-08-19,RZP-02364-ISHA,Isha Nair,Netbanking
pay_00000000002365,12650.94,2026-08-20,RZP-02365-AARAV,Aarav Sharma,UPI
pay_00000000002366,7123.56,2026-08-21,RZP-02366-DIYA,Diya Patel,Card
pay_00000000002367,8316.53,2026-08-22,RZP-02367-KABIR,Kabir Singh,Netbanking
pay_00000000002368,9083.93,2026-08-23,RZP-02368-ANANYA,Ananya Iyer,UPI
pay_00000000002369,8696.16,2026-08-24,RZP-02369-ROHAN,Rohan Mehta,Card
pay_00000000002370,14023.73,2026-08-25,RZP-02370-ISHA,Isha Nair,Netbanking
pay_00000000002371,12769.3,2026-08-26,RZP-02371-AARAV,Aarav Sharma,UPI
pay_00000000002372,13885.23,2026-08-27,RZP-02372-DIYA,Diya Patel,Card
pay_00000000002373,6704.39,2026-08-28,RZP-02373-KABIR,Kabir Singh,Netbanking
pay_00000000002374,13184.22,2026-08-29,RZP-02374-ANANYA,Ananya Iyer,UPI
pay_00000000002375,8482.04,2026-08-30,RZP-02375-ROHAN,Rohan Mehta,Card
pay_00000000002376,10474.87,2026-08-31,RZP-02376-ISHA,Isha Nair,Netbanking
pay_00000000002377,8811.54,2026-09-01,RZP-02377-AARAV,Aarav Sharma,UPI
pay_00000000002378,452.38,2026-09-02,RZP-02378-DIYA,Diya Patel,Card
pay_00000000002379,12476.24,2026-08-05,RZP-02379-KABIR,Kabir Singh,Netbanking
pay_00000000002380,14169.58,2026-08-06,RZP-02380-ANANYA,Ananya Iyer,UPI
pay_00000000002381,11065.57,2026-08-07,RZP-02381-ROHAN,Rohan Mehta,Card
pay_00000000002382,14039.42,2026-08-08,RZP-02382-ISHA,Isha Nair,Netbanking
pay_00000000002383,1512.86,2026-08-09,RZP-02383-AARAV,Aarav Sharma,UPI
pay_00000000002384,3550.54,2026-08-10,RZP-02384-DIYA,Diya Patel,Card
pay_00000000002385,14519.69,2026-08-11,RZP-02385-KABIR,Kabir Singh,Netbanking
pay_00000000002386,11026.24,2026-08-12,RZP-02386-ANANYA,Ananya Iyer,UPI
pay_00000000002387,8605.87,2026-08-13,RZP-02387-ROHAN,Rohan Mehta,Card
pay_00000000002388,9411.01,2026-08-14,RZP-02388-ISHA,Isha Nair,Netbanking
pay_00000000002389,2189.08,2026-08-15,RZP-02389-AARAV,Aarav Sharma,UPI
pay_00000000002390,4403.95,2026-08-16,RZP-02390-DIYA,Diya Patel,Card
pay_00000000002391,4129.81,2026-08-17,RZP-02391-KABIR,Kabir Singh,Netbanking
pay_00000000002392,6341.07,2026-08-18,RZP-02392-ANANYA,Ananya Iyer,UPI
pay_00000000002393,912.1,2026-08-19,RZP-02393-ROHAN,Rohan Mehta,Card
pay_00000000002394,4924.64,2026-08-20,RZP-02394-ISHA,Isha Nair,Netbanking
pay_00000000002395,14098.68,2026-08-21,RZP-02395-AARAV,Aarav Sharma,UPI
pay_00000000002396,4243.98,2026-08-22,RZP-02396-DIYA,Diya Patel,Card
pay_00000000002397,12835.6,2026-08-23,RZP-02397-KABIR,Kabir Singh,Netbanking
pay_00000000002398,4238.02,2026-08-24,RZP-02398-ANANYA,Ananya Iyer,UPI
pay_00000000002399,1419.04,2026-08-25,RZP-02399-ROHAN,Rohan Mehta,Card
pay_00000000002400,13849.02,2026-08-26,RZP-02400-ISHA,Isha Nair,Netbanking
pay_00000000002401,13891.43,2026-08-27,RZP-02401-AARAV,Aarav Sharma,UPI
pay_00000000002402,1120.22,2026-08-28,RZP-02402-DIYA,Diya Patel,Card
pay_00000000002403,1328.39,2026-08-29,RZP-02403-KABIR,Kabir Singh,Netbanking
pay_00000000002404,9702.27,2026-08-30,RZP-02404-ANANYA,Ananya Iyer,UPI
pay_00000000002405,1121.23,2026-08-31,RZP-02405-ROHAN,Rohan Mehta,Card
pay_00000000002406,10376.57,2026-09-01,RZP-02406-ISHA,Isha Nair,Netbanking
pay_00000000002407,11874.9,2026-09-02,RZP-02407-AARAV,Aarav Sharma,UPI
pay_00000000002408,10886.28,2026-08-05,RZP-02408-DIYA,Diya Patel,Card
pay_00000000002409,5740.9,2026-08-06,RZP-02409-KABIR,Kabir Singh,Netbanking
pay_00000000002410,6557.49,2026-08-07,RZP-02410-ANANYA,Ananya Iyer,UPI
pay_00000000002411,1307.96,2026-08-08,RZP-02411-ROHAN,Rohan Mehta,Card
pay_00000000002412,4936.36,2026-08-09,RZP-02412-ISHA,Isha Nair,Netbanking
pay_00000000002413,7333.62,2026-08-10,RZP-02413-AARAV,Aarav Sharma,UPI
pay_00000000002414,10400.23,2026-08-11,RZP-02414-DIYA,Diya Patel,Card
pay_00000000002415,7059.11,2026-08-12,RZP-02415-KABIR,Kabir Singh,Netbanking
pay_00000000002416,11498.44,2026-08-13,RZP-02416-ANANYA,Ananya Iyer,UPI
pay_00000000002417,1684.71,2026-08-14,RZP-02417-ROHAN,Rohan Mehta,Card
pay_00000000002418,2666.61,2026-08-15,RZP-02418-ISHA,Isha Nair,Netbanking
pay_00000000002419,8497.13,2026-08-16,RZP-02419-AARAV,Aarav Sharma,UPI
pay_00000000002420,7881.29,2026-08-17,RZP-02420-DIYA,Diya Patel,Card
pay_00000000002421,9707.25,2026-08-18,RZP-02421-KABIR,Kabir Singh,Netbanking
pay_00000000002422,9283.97,2026-08-19,RZP-02422-ANANYA,Ananya Iyer,UPI
pay_00000000002423,243.43,2026-08-20,RZP-02423-ROHAN,Rohan Mehta,Card
pay_00000000002424,8241.87,2026-08-21,RZP-02424-ISHA,Isha Nair,Netbanking
pay_00000000002425,14325.01,2026-08-22,RZP-02425-AARAV,Aarav Sharma,UPI
pay_00000000002426,5707.54,2026-08-23,RZP-02426-DIYA,Diya Patel,Card
pay_00000000002427,12836.82,2026-08-24,RZP-02427-KABIR,Kabir Singh,Netbanking
pay_00000000002428,7918.02,2026-08-25,RZP-02428-ANANYA,Ananya Iyer,UPI
pay_00000000002429,10257.94,2026-08-26,RZP-02429-ROHAN,Rohan Mehta,Card
pay_00000000002430,10468.55,2026-08-27,RZP-02430-ISHA,Isha Nair,Netbanking
pay_00000000002431,14026.56,2026-08-28,RZP-02431-AARAV,Aarav Sharma,UPI
pay_00000000002432,5343.38,2026-08-29,RZP-02432-DIYA,Diya Patel,Card
pay_00000000002433,4531.72,2026-08-30,RZP-02433-KABIR,Kabir Singh,Netbanking
pay_00000000002434,4977.24,2026-08-31,RZP-02434-ANANYA,Ananya Iyer,UPI
pay_00000000002435,13469.11,2026-09-01,RZP-02435-ROHAN,Rohan Mehta,Card
pay_00000000002436,3524.41,2026-09-02,RZP-02436-ISHA,Isha Nair,Netbanking
pay_00000000002437,6553.43,2026-08-05,RZP-02437-AARAV,Aarav Sharma,UPI
pay_00000000002438,11795.15,2026-08-06,RZP-02438-DIYA,Diya Patel,Card
pay_00000000002439,2376.61,2026-08-07,RZP-02439-KABIR,Kabir Singh,Netbanking
pay_00000000002440,14470.15,2026-08-08,RZP-02440-ANANYA,Ananya Iyer,UPI
pay_00000000002441,11961.98,2026-08-09,RZP-02441-ROHAN,Rohan Mehta,Card
pay_00000000002442,3195.98,2026-08-10,RZP-02442-ISHA,Isha Nair,Netbanking
pay_00000000002443,639.76,2026-08-11,RZP-02443-AARAV,Aarav Sharma,UPI
pay_00000000002444,14523.47,2026-08-12,RZP-02444-DIYA,Diya Patel,Card
pay_00000000002445,14589.34,2026-08-13,RZP-02445-KABIR,Kabir Singh,Netbanking
pay_00000000002446,11535.23,2026-08-14,RZP-02446-ANANYA,Ananya Iyer,UPI
pay_00000000002447,12622.9,2026-08-15,RZP-02447-ROHAN,Rohan Mehta,Card
pay_00000000002448,6171.64,2026-08-16,RZP-02448-ISHA,Isha Nair,Netbanking
pay_00000000002449,10397.76,2026-08-17,RZP-02449-AARAV,Aarav Sharma,UPI
pay_00000000002450,3292.66,2026-08-18,RZP-02450-DIYA,Diya Patel,Card
pay_00000000002451,628.99,2026-08-19,RZP-02451-KABIR,Kabir Singh,Netbanking
pay_00000000002452,12581.67,2026-08-20,RZP-02452-ANANYA,Ananya Iyer,UPI
pay_00000000002453,627.72,2026-08-21,RZP-02453-ROHAN,Rohan Mehta,Card
pay_00000000002454,1012.1,2026-08-22,RZP-02454-ISHA,Isha Nair,Netbanking
pay_00000000002455,2281.45,2026-08-23,RZP-02455-AARAV,Aarav Sharma,UPI
pay_00000000002456,1921.32,2026-08-24,RZP-02456-DIYA,Diya Patel,Card
pay_00000000002457,3992.39,2026-08-25,RZP-02457-KABIR,Kabir Singh,Netbanking
pay_00000000002458,1154.09,2026-08-26,RZP-02458-ANANYA,Ananya Iyer,UPI
pay_00000000002459,820.92,2026-08-27,RZP-02459-ROHAN,Rohan Mehta,Card
pay_00000000002460,7198.84,2026-08-28,RZP-02460-ISHA,Isha Nair,Netbanking
pay_00000000002461,7897.4,2026-08-29,RZP-02461-AARAV,Aarav Sharma,UPI
pay_00000000002462,4329.71,2026-08-30,RZP-02462-DIYA,Diya Patel,Card
pay_00000000002463,381.79,2026-08-31,RZP-02463-KABIR,Kabir Singh,Netbanking
pay_00000000002464,4890.39,2026-09-01,RZP-02464-ANANYA,Ananya Iyer,UPI
pay_00000000002465,10175.97,2026-09-02,RZP-02465-ROHAN,Rohan Mehta,Card
pay_00000000002466,3868.27,2026-08-05,RZP-02466-ISHA,Isha Nair,Netbanking
pay_00000000002467,12323.8,2026-08-06,RZP-02467-AARAV,Aarav Sharma,UPI
pay_00000000002468,6364.57,2026-08-07,RZP-02468-DIYA,Diya Patel,Card
pay_00000000002469,11409.37,2026-08-08,RZP-02469-KABIR,Kabir Singh,Netbanking
pay_00000000002470,11552.69,2026-08-09,RZP-02470-ANANYA,Ananya Iyer,UPI
pay_00000000002471,10160.08,2026-08-10,RZP-02471-ROHAN,Rohan Mehta,Card
pay_00000000002472,1377.18,2026-08-11,RZP-02472-ISHA,Isha Nair,Netbanking
pay_00000000002473,7827.91,2026-08-12,RZP-02473-AARAV,Aarav Sharma,UPI
pay_00000000002474,5113.42,2026-08-13,RZP-02474-DIYA,Diya Patel,Card
pay_00000000002475,14242.44,2026-08-14,RZP-02475-KABIR,Kabir Singh,Netbanking
pay_00000000002476,3637.55,2026-08-15,RZP-02476-ANANYA,Ananya Iyer,UPI
pay_00000000002477,8473.72,2026-08-16,RZP-02477-ROHAN,Rohan Mehta,Card
pay_00000000002478,2154.32,2026-08-17,RZP-02478-ISHA,Isha Nair,Netbanking
pay_00000000002479,3265.12,2026-08-18,RZP-02479-AARAV,Aarav Sharma,UPI
pay_00000000002480,8162.77,2026-08-19,RZP-02480-DIYA,Diya Patel,Card
pay_00000000002481,4921.34,2026-08-20,RZP-02481-KABIR,Kabir Singh,Netbanking
pay_00000000002482,4317.89,2026-08-21,RZP-02482-ANANYA,Ananya Iyer,UPI
pay_00000000002483,12993.53,2026-08-22,RZP-02483-ROHAN,Rohan Mehta,Card
pay_00000000002484,12075.5,2026-08-23,RZP-02484-ISHA,Isha Nair,Netbanking
pay_00000000002485,14486.86,2026-08-24,RZP-02485-AARAV,Aarav Sharma,UPI
pay_00000000002486,4936.6,2026-08-25,RZP-02486-DIYA,Diya Patel,Card
pay_00000000002487,1444.8,2026-08-26,RZP-02487-KABIR,Kabir Singh,Netbanking
pay_00000000002488,13011.36,2026-08-27,RZP-02488-ANANYA,Ananya Iyer,UPI
pay_00000000002489,4915.64,2026-08-28,RZP-02489-ROHAN,Rohan Mehta,Card
pay_00000000002490,5625.65,2026-08-29,RZP-02490-ISHA,Isha Nair,Netbanking
pay_00000000002491,4871.62,2026-08-30,RZP-02491-AARAV,Aarav Sharma,UPI
pay_00000000002492,1356.42,2026-08-31,RZP-02492-DIYA,Diya Patel,Card
pay_00000000002493,11623.44,2026-09-01,RZP-02493-KABIR,Kabir Singh,Netbanking
pay_00000000002494,14647.17,2026-09-02,RZP-02494-ANANYA,Ananya Iyer,UPI
pay_00000000002495,5055.88,2026-08-05,RZP-02495-ROHAN,Rohan Mehta,Card
pay_00000000002496,14933.9,2026-08-06,RZP-02496-ISHA,Isha Nair,Netbanking
pay_00000000002497,2041.96,2026-08-07,RZP-02497-AARAV,Aarav Sharma,UPI
pay_00000000002498,12804.44,2026-08-08,RZP-02498-DIYA,Diya Patel,Card
pay_00000000002499,6428.4,2026-08-09,RZP-02499-KABIR,Kabir Singh,Netbanking
pay_00000000002500,3905.36,2026-08-10,RZP-02500-ANANYA,Ananya Iyer,UPI
pay_00000000002501,5106.63,2026-08-11,RZP-02501-ROHAN,Rohan Mehta,Card
pay_00000000002502,422.43,2026-08-12,RZP-02502-ISHA,Isha Nair,Netbanking
pay_00000000002503,8908.7,2026-08-13,RZP-02503-AARAV,Aarav Sharma,UPI
pay_00000000002504,11620.79,2026-08-14,RZP-02504-DIYA,Diya Patel,Card
pay_00000000002505,1513.79,2026-08-15,RZP-02505-KABIR,Kabir Singh,Netbanking
pay_00000000002506,3383.22,2026-08-16,RZP-02506-ANANYA,Ananya Iyer,UPI
pay_00000000002507,6060.18,2026-08-17,RZP-02507-ROHAN,Rohan Mehta,Card
pay_00000000002508,7406.02,2026-08-18,RZP-02508-ISHA,Isha Nair,Netbanking
pay_00000000002509,11581.59,2026-08-19,RZP-02509-AARAV,Aarav Sharma,UPI
pay_00000000002510,403.19,2026-08-20,RZP-02510-DIYA,Diya Patel,Card
pay_00000000002511,9190.91,2026-08-21,RZP-02511-KABIR,Kabir Singh,Netbanking
pay_00000000002512,1616.22,2026-08-22,RZP-02512-ANANYA,Ananya Iyer,UPI
pay_00000000002513,12303.42,2026-08-23,RZP-02513-ROHAN,Rohan Mehta,Card
pay_00000000002514,7626.03,2026-08-24,RZP-02514-ISHA,Isha Nair,Netbanking
pay_00000000002515,1849.98,2026-08-25,RZP-02515-AARAV,Aarav Sharma,UPI
pay_00000000002516,9461.62,2026-08-26,RZP-02516-DIYA,Diya Patel,Card
pay_00000000002517,5863.06,2026-08-27,RZP-02517-KABIR,Kabir Singh,Netbanking
pay_00000000002518,13241.41,2026-08-28,RZP-02518-ANANYA,Ananya Iyer,UPI
pay_00000000002519,11587.19,2026-08-29,RZP-02519-ROHAN,Rohan Mehta,Card
pay_00000000002520,6475.51,2026-08-30,RZP-02520-ISHA,Isha Nair,Netbanking
pay_00000000002521,12461.45,2026-08-31,RZP-02521-AARAV,Aarav Sharma,UPI
pay_00000000002522,13994.27,2026-09-01,RZP-02522-DIYA,Diya Patel,Card
pay_00000000002523,3959.96,2026-09-02,RZP-02523-KABIR,Kabir Singh,Netbanking
pay_00000000002524,11912.52,2026-08-05,RZP-02524-ANANYA,Ananya Iyer,UPI
pay_00000000002525,6815.23,2026-08-06,RZP-02525-ROHAN,Rohan Mehta,Card
pay_00000000002526,5918.33,2026-08-07,RZP-02526-ISHA,Isha Nair,Netbanking
pay_00000000002527,11910.91,2026-08-08,RZP-02527-AARAV,Aarav Sharma,UPI
pay_00000000002528,11867.74,2026-08-09,RZP-02528-DIYA,Diya Patel,Card
pay_00000000002529,394.0,2026-08-10,RZP-02529-KABIR,Kabir Singh,Netbanking
pay_00000000002530,3728.22,2026-08-11,RZP-02530-ANANYA,Ananya Iyer,UPI
pay_00000000002531,8226.09,2026-08-12,RZP-02531-ROHAN,Rohan Mehta,Card
pay_00000000002532,9074.58,2026-08-13,RZP-02532-ISHA,Isha Nair,Netbanking
pay_00000000002533,4328.46,2026-08-14,RZP-02533-AARAV,Aarav Sharma,UPI
pay_00000000002534,4506.49,2026-08-15,RZP-02534-DIYA,Diya Patel,Card
pay_00000000002535,12927.64,2026-08-16,RZP-02535-KABIR,Kabir Singh,Netbanking
pay_00000000002536,1005.4,2026-08-17,RZP-02536-ANANYA,Ananya Iyer,UPI
pay_00000000002537,14770.18,2026-08-18,RZP-02537-ROHAN,Rohan Mehta,Card
pay_00000000002538,11884.41,2026-08-19,RZP-02538-ISHA,Isha Nair,Netbanking
pay_00000000002539,3560.44,2026-08-20,RZP-02539-AARAV,Aarav Sharma,UPI
pay_00000000002540,7270.63,2026-08-21,RZP-02540-DIYA,Diya Patel,Card
pay_00000000002541,5425.43,2026-08-22,RZP-02541-KABIR,Kabir Singh,Netbanking
pay_00000000002542,2137.59,2026-08-23,RZP-02542-ANANYA,Ananya Iyer,UPI
pay_00000000002543,11029.51,2026-08-24,RZP-02543-ROHAN,Rohan Mehta,Card
pay_00000000002544,12036.17,2026-08-25,RZP-02544-ISHA,Isha Nair,Netbanking
pay_00000000002545,5319.62,2026-08-26,RZP-02545-AARAV,Aarav Sharma,UPI
pay_00000000002546,5291.26,2026-08-27,RZP-02546-DIYA,Diya Patel,Card
pay_00000000002547,13536.85,2026-08-28,RZP-02547-KABIR,Kabir Singh,Netbanking
pay_00000000002548,7491.15,2026-08-29,RZP-02548-ANANYA,Ananya Iyer,UPI
pay_00000000002549,1680.32,2026-08-30,RZP-02549-ROHAN,Rohan Mehta,Card
pay_00000000002550,9840.93,2026-08-31,RZP-02550-ISHA,Isha Nair,Netbanking
pay_00000000002551,12105.89,2026-09-01,RZP-02551-AARAV,Aarav Sharma,UPI
pay_00000000002552,4014.58,2026-09-02,RZP-02552-DIYA,Diya Patel,Card
pay_00000000002553,14949.66,2026-08-05,RZP-02553-KABIR,Kabir Singh,Netbanking
pay_00000000002554,3195.99,2026-08-06,RZP-02554-ANANYA,Ananya Iyer,UPI
pay_00000000002555,12128.15,2026-08-07,RZP-02555-ROHAN,Rohan Mehta,Card
pay_00000000002556,8964.6,2026-08-08,RZP-02556-ISHA,Isha Nair,Netbanking
pay_00000000002557,10852.17,2026-08-09,RZP-02557-AARAV,Aarav Sharma,UPI
pay_00000000002558,5889.01,2026-08-10,RZP-02558-DIYA,Diya Patel,Card
pay_00000000002559,6492.02,2026-08-11,RZP-02559-KABIR,Kabir Singh,Netbanking
pay_00000000002560,1009.29,2026-08-12,RZP-02560-ANANYA,Ananya Iyer,UPI
pay_00000000002561,12885.31,2026-08-13,RZP-02561-ROHAN,Rohan Mehta,Card
pay_00000000002562,5293.42,2026-08-14,RZP-02562-ISHA,Isha Nair,Netbanking
pay_00000000002563,8032.56,2026-08-15,RZP-02563-AARAV,Aarav Sharma,UPI
pay_00000000002564,7251.94,2026-08-16,RZP-02564-DIYA,Diya Patel,Card
pay_00000000002565,3667.84,2026-08-17,RZP-02565-KABIR,Kabir Singh,Netbanking
pay_00000000002566,13433.76,2026-08-18,RZP-02566-ANANYA,Ananya Iyer,UPI
pay_00000000002567,2902.16,2026-08-19,RZP-02567-ROHAN,Rohan Mehta,Card
pay_00000000002568,14911.58,2026-08-20,RZP-02568-ISHA,Isha Nair,Netbanking
pay_00000000002569,770.47,2026-08-21,RZP-02569-AARAV,Aarav Sharma,UPI
pay_00000000002570,14029.23,2026-08-22,RZP-02570-DIYA,Diya Patel,Card
pay_00000000002571,3914.13,2026-08-23,RZP-02571-KABIR,Kabir Singh,Netbanking
pay_00000000002572,9388.92,2026-08-24,RZP-02572-ANANYA,Ananya Iyer,UPI
pay_00000000002573,5542.31,2026-08-25,RZP-02573-ROHAN,Rohan Mehta,Card
pay_00000000002574,12941.05,2026-08-26,RZP-02574-ISHA,Isha Nair,Netbanking
pay_00000000002575,4877.53,2026-08-27,RZP-02575-AARAV,Aarav Sharma,UPI
pay_00000000002576,11802.67,2026-08-28,RZP-02576-DIYA,Diya Patel,Card
pay_00000000002577,9282.91,2026-08-29,RZP-02577-KABIR,Kabir Singh,Netbanking
pay_00000000002578,12880.09,2026-08-30,RZP-02578-ANANYA,Ananya Iyer,UPI
pay_00000000002579,2660.58,2026-08-31,RZP-02579-ROHAN,Rohan Mehta,Card
pay_00000000002580,6621.75,2026-09-01,RZP-02580-ISHA,Isha Nair,Netbanking
pay_00000000002581,14994.33,2026-09-02,RZP-02581-AARAV,Aarav Sharma,UPI
pay_00000000002582,3386.79,2026-08-05,RZP-02582-DIYA,Diya Patel,Card
pay_00000000002583,11375.14,2026-08-06,RZP-02583-KABIR,Kabir Singh,Netbanking
pay_00000000002584,3130.48,2026-08-07,RZP-02584-ANANYA,Ananya Iyer,UPI
pay_00000000002585,3659.4,2026-08-08,RZP-02585-ROHAN,Rohan Mehta,Card
pay_00000000002586,11990.54,2026-08-09,RZP-02586-ISHA,Isha Nair,Netbanking
pay_00000000002587,2960.08,2026-08-10,RZP-02587-AARAV,Aarav Sharma,UPI
pay_00000000002588,14318.04,2026-08-11,RZP-02588-DIYA,Diya Patel,Card
pay_00000000002589,11315.62,2026-08-12,RZP-02589-KABIR,Kabir Singh,Netbanking
pay_00000000002590,11805.58,2026-08-13,RZP-02590-ANANYA,Ananya Iyer,UPI
pay_00000000002591,10771.85,2026-08-14,RZP-02591-ROHAN,Rohan Mehta,Card
pay_00000000002592,12807.44,2026-08-15,RZP-02592-ISHA,Isha Nair,Netbanking
pay_00000000002593,1979.44,2026-08-16,RZP-02593-AARAV,Aarav Sharma,UPI
pay_00000000002594,1074.5,2026-08-17,RZP-02594-DIYA,Diya Patel,Card
pay_00000000002595,2671.61,2026-08-18,RZP-02595-KABIR,Kabir Singh,Netbanking
pay_00000000002596,4413.31,2026-08-19,RZP-02596-ANANYA,Ananya Iyer,UPI
pay_00000000002597,2411.04,2026-08-20,RZP-02597-ROHAN,Rohan Mehta,Card
pay_00000000002598,7701.0,2026-08-21,RZP-02598-ISHA,Isha Nair,Netbanking
pay_00000000002599,1033.67,2026-08-22,RZP-02599-AARAV,Aarav Sharma,UPI
pay_00000000002600,9917.1,2026-08-23,RZP-02600-DIYA,Diya Patel,Card
